1,Pelvic Cancer Healing | TB Joshua,tzZm6kyjYVk
2,Addicted To Eating Moth Balls - Delivered Through Anointing Water,hiYM5ruQT1I
3,ACTING ON THE WORD - Sermon - Prophet TB Joshua,VdJPpzUJqTs
4,"Addicted to Eating Stones, Chalk, and Paper",9c5OYKhFfVU
5,PRAYER For God's MERCY And FAVOUR | TB Josua,MP6q7jEf8kU
6,Begin To Free Yourself From That Bondage!   Prayer With Prophet TB Joshua,cKWlHo9nSgI
7,BREAK EVERY DEMONIC INFLUENCE!!! - Prayer with Prophet TB Joshua,OU0vlMrQyKk
8,BREAK EVERY COVENANT WITH DEMONS!!! Prayer with TB Joshua,ZIAllVAi0g0
9,BREAKTHROUGH!! - Prayer with Prophet TB Joshua,C28GM6pitRw
10,BREAK THE HOLD OF SATAN ON YOUR LIFE NOW!!! - Prayer with Prophet TB Joshua,1IQHTMtuUQg
11,Broken Leg Healed by Watching Emmanuel TV   YOU TOO CAN RECEIVE BY WATCHING THIS!!!,tT5hSPcCZY0
12,Death of Zambian President Levy Mwanawasa Prophesied by Prophet TB Joshua,N3Ca-MRdDNw
13,DON'T GIVE UP!!! - Prayer with Prophet TB Joshua,7MYAS9Y1tWw
14,DRAMATIC MANIFESTATION OF A DEMONIC SPIRIT,AlGkNSAD7UY
15,EXCLUSIVE INTERVIEW with WINNIE MANDELA!!!,EiKOJjuhgLo
16,Man TURNS Into ANIMAL In CHURCH!,QF-vKrYyqOY
17,From Glory to Glory - Prayer With Prophet TB Joshua,2Nkr6Y4uo90
18,"""TB JOSHUA Prophesied My Victory!!!"" | PRESIDENT ATTA MILLS OF GHANA",VifKmCFBXac
19,IN GOD'S FAVOUR & MERCY YOU ARE INCLUDED - Prayer with Prophet T.B. Joshua,D2puWFIOh3g
20,Indonesia Crusade - Graha Bethany Church,SnfHD-f9oaU
21,It Is Gods Will - Prayer With Prophet TB Joshua,Wd_Xn781qoc
22,INDONESIA CRUSADE with TB Joshua - Day 2,ws3tjSw9nvY
23,Joyce Banda Speaks On TB Joshua,tgmv8vTMuWw
24,Michael Jackson Death PROPHECY - TB JOSHUA (2009),wRnAbFgAefk
25,Miss Tourism Zimbabwe Receives Prophecy From Prophet TB Joshua,frJ813xiX7A
26,"T.B. Joshua Documentary - ""THIS IS MY STORY""",0Hz34DULV8M
27,NO MORE CONDEMNATION! - Pray Along with Prophet TB Joshua,YEXQpv05ZdY
28,Now Is The Moment To Release You - Prayer With Prophet TB Joshua,q4GghZ-1yW8
29,OH LORD HELP ME TO LIVE BY FAITH! - Pray Along with Prophet TB Joshua,i8eQeOuEQ0M
30,HERE is the PROOF that PRAYER on TV WORKS!!!,YQ97jdSzb_0
31,POSSESSED By Dancing SERPENT Spirit!,2zOOrEYGCXY
32,PRAYER FOR VIEWERS With TB Joshua!!!,gosEg9dXrE8
33,President of Zambia Fedrick Chiluba visits TB Joshua,22-5ZU8Rh6E
34,PRINCESS DIANA'S DEATH Predicted By Prophet T.B. Joshua!,yipzPR-WrQ4
35,RECEIVE THAT BREAKTHROUGH!!!   Pray Along with Prophet TB Joshua,nkLr5lTcWZE
36,DEMON-POSSESSED GERMAN MAN FIGHTS BACK!!!,Wzv8LdPpuw8
37,SEVERE Leg Ulcer Healed,4KbSCqIlNns
38,SPIRITUAL WARFARE!!! Demon Vs Pastor,Pbpp4vyfTZM
39,TOUCHING: Why TB Joshua Returned This Man's TITHES!,6O_CY_Cw_2c
40,TB JOSHUA PRAYER FOR VIEWERS   YOUR LIMITATIONS ARE YOUR OPPORTUNITIES!,tBj5pJEfILk
41,TB JOSHUA'S ACCUSERS EXPOSED! Part 1,gLbqgGDwSgo
42,The Man At The Beautiful Gate | Crippled Man Walks Instantly | TB Joshua,Lj4WtEfNADg
43,The Right Hand of God is Power   Pray Along with Prophet TB Joshua,eZmkNFyZgvI
44,FREE YOURSELF FROM THAT BONDAGE! | Pray With TB Joshua,8WNfY_TpM7U
45,"""What Can CLEANSE You?"" | MASS PRAYER With Prophet TB Joshua!",hPLgE-ui-Do
46,WHEN TO SAY NO AND WHEN TO ANSWER YES!   Pray Along With Prophet TB Joshua,Hi2wcL6vpg0
47,Where Can You Go From His Presence   Prayer With Prophet TB Joshua,1ZnOKi-OQdM
48,With His Power Nothing Is Impossible   Prayer With Prophet TB Joshua,7_AuxVYqRsM
49,How Demons Made Me Fat! POWERFUL DELIVERANCE,xSUI0bc2i7s
50,Woman Sees JESUS CHRIST In Church!!!,pFuaPwuP9eQ
51,BANJIR INDONESIA Dinubuatkan oleh Nabi T.B. Joshua,yEz2KeNNsPw
52,REVIVAL! | Pray Along With Prophet TB Joshua,L37F8S-QPXk
53,Beware of Fraudsters | SCOAN,p9BDyxQowYQ
54,Defeat and Disgrace the Prophets of Baal! | Pray with TB Joshua,kqcf-uX6Rk0
55,Bullet Proof Fighting Machine | Deliverance,XZ3iGw5F6i4
56,"THE RESTORER, THE REPAIRER, THE ROADMAP - Prayer with TB Joshua",IKa-J0CjN2k
57,JESUS WAS RAISED FROM DEATH FOR US! - Pray Along with TB Joshua,Nln8ysovGmk
58,I SHOULD RESCUE YOU - Pray With Prophet TB Joshua,p4KMRTYiLW8
59,Lucifer’s Agent Speaks About FACEBOOK!,IS5pWiaiyh0
60,All Nations Prayer with Prophet T.B. Joshua,_jseNdVEKkw
61,"JESUS Is Saying: ""I SEE You; I KNOW You..."" - Prayer with TB Joshua",FJ-i3LDOLpE
62,Nigeria Super Eagles AFCON Championship Prophecy by TB Joshua,GSTTE5Vzes4
63,DEMON POSSESSED By A TIGER!!!,4FdjbSwO-e4
64,JESUS IS ALIVE! Do you Agree with me? | Prayer with TB Joshua,E0OBYPwAnS4
65,EXPOSED! The High Priestess Of Hell!!!,OmP_AKDHPKE
66,"SERIOUS DEMONIC POSSESSION - ""I Am From The Ocean""",8RuCLB6vM3M
67,IT IS HIS WILL!! | Prayer with TB Joshua,CnXamgSna-g
68,Receive Your Miracle Through YouTube | Prayer With TB Joshua,MJDgQviZLlI
69,"COME IN YOUR LOVE, OH LORD!!! - Prayer with TB Joshua",fdapP3CluUc
70,WHO NEEDS DELIVERANCE!? - Prayer with TB Joshua,D2BczoMN_5s
71,They Will Not Kill You | Prophecy | TB Joshua,rfDxEKoQ4Nk
72,Encouraging Words | Full Sermon| TB Joshua,vLDHkBOefIo
73,THIS IS REAL! Healed of HIV/AIDS Positive 1 in Jesus' Name | T.B. Joshua,2P4L6ohE-u4
74,BE COUNTED! - Pray with TB Joshua,jkH3F-edXvs
75,LET EVERY LIMITATION BE BROKEN - PRAY ALONG WITH T.B. JOSHUA,s5s5SIpt2ls
76,YOU ARE RESCUED! - Pray with TB Joshua,EHWoiFFdeaU
77,YOU ARE DELIVERED! - Pray with TB Joshua,Ux5RAeLPMGc
78,THE RIGHT HAND OF GOD IS POWER! | Mass Prayer With T.B. Joshua,KG4hxDaXXik
79,MONGOLIAN STRANDED IN NIGERIA: Touching Documentary Of Humanitarian Aid,Q4yzNCl4Jok
80,"""I Tried To KILL My Own Family..."" | Drug Addicts DELIVERANCE!!!",i8PAVM9Wtd0
81,Are You CHRISTIAN Or RELIGIOUS??? | TB Joshua Sermon,cRQv0wfN9lE
82,Boston Marathon Explosion Prophecy | TB Joshua,Ll7KrbpFwnA
83,Love is the Greatest | Full Sermon & Worship | TB Joshua,Ja55KZnHR8E
84,Cancerous Fluid Comes Out IMMEDIATELY After PRAYER!!!,ZXM960QtnXQ
85,I LIVE IN HELL: Satan's Senior Demon Exposed!!!,qAxGTZNVd80
86,Can DEMONS Use The BIBLE???,dMyCPWBlyoM
87,TRIPLETS BORN After PASTOR PRAYS!!!,wiA0UIt9EnI
88,Woman Discovers Cure Of HIV/AIDS: The Blood Of Jesus Christ - Mrs Akodu Victoria | TB Joshua,2UAMeODtcfA
89,'MI TESTIMONIO' El documental del Profeta TB Joshua,AI7W0P_cASU
90,RESCUE YOUR FUTURE!  | Prayer With T.B. Joshua,LASOaE-PzYo
91,DEMONS Taught Me To 'SPEAK IN TONGUES'!!!,LRUl9RspBH4
92,A DEMON MARRIED MY WIFE!!! Spiritual Husband Exposed At SCOAN,8cSiypOkNzs
93,A LOST CROWN FOUND | Malawi's High King Receives Prophecy At The SCOAN,YRi98RECGwk
94,Pakistan Airlines Flight Diverted in UK | Prophecy | TB Joshua,EXlS_gIO46c
95,GOD’S GENERALS: A.A Allen And C.S Upthegrove At Miracle Valley,UhIkpefxUz8
96,BREAK THE POWER OF SIN! - Prayer with T.B. Joshua,bxDIfVOinNg
97,Hearing From God - Woman Walks Out of Wheelchair | T.B. Joshua,mRx4XROyjPQ
98,WHO SAID YOU'RE NOT A CHILD OF GOD? - Prayer with T.B. Joshua,UolKBLQM38w
99,SIN POWER OVER YOUR LIFE- BE BROKEN! - Prayer with TB JOSHUA,DhSzC8hRffo
100,"RECEIVE CURE!!! - Prayer With TB Joshua  - July 7, 2013",fHsqcuxxJes
101,Be All God Has Called You - T.B. JOSHUA SERMON,itVKzCLlkFs
102,Touch Your Screen by Faith - Prayer with T.B. Joshua,m4bYk6dVirc
103,REVOLUTION IS COMING!!! - Prophet T.B. Joshua,ZjNWnurCsRM
104,Worry About Tomorrow - T.B. Joshua,Uj9_EjmhHQs
105,Giving to Mayan Tribes in Mexico | T.B. Joshua and Emmanuel TV Partners,3jIz3UaSzLU
106,Christianity is a Relationship - T.B. Joshua,CkOnUmFx4x4
107,Mr & Mrs HIV Free! - Amazing Healing of HIV/AIDS | T.B. Joshua,yS9D8FN95K0
108,A MERMAID From HELL Washes Up In CHURCH!,IKCSwwens88
109,Woman Walks INSTANTLY For First Time In 8 Years!!!,6t4Oe9ruwGQ
110,Tears Turn to Laughter - Prophecy Brings Solution!!,B8CJzR7eDAw
111,I WANT TO SHARE THIS ANOINTING WITH YOU  - Prayer with T.B. Joshua,nq2coeHOCvk
112,Christianity Is A RELATIONSHIP!!! | TB Joshua Sermon,jlludwUBK9w
113,BE CONNECTED - Pray Along with T.B. Joshua,rch-vsUgA7E
114,I RELEASE YOU! - Prayer with T.B. Joshua,D0ubxRyA32c
115,Don't Tempt The Devil To Tempt You - T.B. Joshua,8vDsGUgw3gE
116,SATAN'S WILL BE BROKEN! - Pray Along with T.B. Joshua,UZdD8h8c0tY
117,LET THE POWER OF THE LORD COME DOWN! - Pray with T.B. Joshua,4BjaneboPGk
118,DON'T FIGHT SYRIA - Prophet T.B. Joshua,A5va1qkL3BA
119,Employment Breakthrough! - Anointing Water Testimony,dX_kTJRCt2o
120,Spiritual Snakes Speak Out! - Anointing Water Revival; UK,9s58vVc1mDw
121,"HOW GHANA GOALKEEPER REJECTED $300,000 WORLD CUP BRIBE!!!",L65T6b3ktho
122,REWRITE HISTORY! - Pray With T.B. Joshua,IndiyD8ltMY
123,WATCH This FUNGUS Infested Foot HEAL!!!,RoFd855gowI
124,BE RESCUED! - Prayer with T.B. Joshua,PlzQG6LdLX8
125,Powerful MASS PRAYER With Prophet T.B. Joshua!!!,cKU3OLchSxE
126,BREAK DEMONIC AUTHORITY OVERY YOUR LIFE!! | Prayer With T.B. Joshua,t68JM5k5Ch4
127,I HAVE BEEN COMMISSIONED TO RESCUE YOU - Pray with T.B. Joshua,NrvVah4ERxM
128,Words of Wisdom - T.B. Joshua,SQFV_Ekkvgs
129,Philippine Typhoon Prophecy - T.B. Joshua,yoJcrqw2frM
130,France Shootings Prophecy | T.B. Joshua,hhQBux5XMtE
131,"Every FAMILIAR Spirit, Be CURSED!  Prayer with T.B. Joshua",MNk_0IRFauk
132,HEALING TAKING PLACE IN FRONT OF YOUR EYES!!!,iNXdkEvPBPE
133,Heavenly Currency | Sermon | T.B. Joshua,2wiihi1TzaI
134,Emmanuel TV Mobile App,qRnjbJJnCWs
135,Countless Demons Delivered | Anointing Water Revival UK | Troxy,5aIdUtuRyJU
136,"BE RELEASED, IN THE NAME OF JESUS! | Pray with T.B. Joshua",DKtCHNRv3-Q
137,2014 PRAYER - Year of Crossing the Bridge,uqdxbXzgjD8
138,BEGIN TO FUNCTION IN THE NAME OF JESUS! - Prayer with T.B. Joshua,_SCWDoqZxhA
139,TOUCHING: Watch God Reconcile This BROKEN HOME!!!,Dqmo1uTmhCg
140,"'I Seduce Men With My Eyes..."" - CONFESSIONS OF A HEART-BREAKER",Sfdcx7TZabg
141,DEMON POSSESSED By Satanic Elephant Through Facebook!,qgMUCCQC9BA
142,A CHANCE TO LIVE AGAIN | Jesus Christ Cures HIV AIDS!,-wM2j-DcqQ0
143,CONFESSIONS Of A ‘Little Mermaid’!,R1IUbxFHK5Y
144,Be Released in the name of Jesus! - Pray Along with T.B. Joshua,Go90zgIYm3o
145,Watch DECAYED FLESH Suddenly Transform!!!,kv4Kkmpu00g
146,Pop Star Delivered From DEMONS: TOUCHING STORY!!!,JcXKnegP2eI
147,Humanitarian Aid For The Physically Challenged,3T00Jz-l2Tc
148,12 YEAR-OLD HEALED OF SCORCHING HOT WATER BURNS!,Yh-Yix7NAm4
149,"Miracle Baby - ""Promise"" Of God!",aR6EiXHx4UI
150,SHOCKING: Baby Born INSTANTLY In Church!!!,SX43lBn3dEA
151,I Find Him Reliable And Trustworthy! | Prayer With T.B. Joshua,SpMEBfsjp1I
152,God's Word Is The Final Authority! | Pray With T.B. Joshua,Tz62KN_0yh8
153,REVEALED: A.A Allens Prophecy About T.B. Joshua!!!,cgk2iBuK9uc
154,HOW JESUS SAVED ME WHEN MY BOAT CAPSIZED IN THE ATLANTIC OCEAN!!!,1ax5kAkWyKU
155,SHOCKING: A Prostitute Aged 14!!!,tXZrclLIwOw
156,SUPERNATURAL EMERGENCY LANDING!,8l5aoof65iA
157,Pastor Possessed By The Demonic Idol He Destroyed!,PR4RZn9XNcE
158,SATANIC RITUALS REVEALED: Shocking Confession!,FoFsHDsiIUo
159,How I BEAT UP Men!!!,xas-9Xj-qGw
160,FINANCIAL BREAKTHROUGH TESTIMONY!,w-jOzE_Z0-4
161,DEMONIC DUPING - Dark Secrets Of Internet Fraud Revealed,9rjKchaMTwA
162,AMAZING: A Lawyer's Remarkable Healing!!!,-eCw_Oa2meE
163,Inside The Temple Of A Spiritualist | Full Documentary & Confession,Qz-H2AgHsv8
164,""" I Am Over 400 Years Old"" - DELIVERANCE PASTOR DELIVERED FROM DEMONS!!!",B_2dMFpP7f4
165,"""Your Baby Will Be Called Samuel!"" | Personal Prophecy | TB Joshua",CIJflUfsKi0
166,FRAUDSTER SECRETS REVEALED!,TNCrHr9XM3c
167,RUSSIA WAR PROPHECY!!! | T.B. Joshua,9KNki6D8iEk
168,Addicted To Masturbation; Afflicted To Bedwet | Emmanuel TV Testimony,o_vFw7czamw
169,"""MY EYES CAN KILL..."" Hypnotic Powers REVEALED!",3yCp6cMPZcA
170,Evan. Bill Subritzky's Testimony About T.B. Joshua,oWOzGgoEi_w
171,Practical Demonstration With T.B. Joshua | What Confirms You As God's Servant?,ZgUlujVtfFI
172,"""Three Men Raped & Abused You..."" | Personal Prophecy With T.B. Joshua",_idOPJXN0pA
173,Ritualist 'Pastor' Revealed By Prophecy | T.B. Joshua,GbQPErW49Ps
174,CURSED! Prophecy Reveals Why Man Wears Pampers!!!,U4JjwnqhOcM
175,DEMONIC DEITIES: Greek Gods Exposed!!!,74K14qpKKrA
176,Malaysian Airlines Prophecy - T.B. Joshua,Q1-NsRWv25k
177,Don't Lose Focus | Powerful Sermon With T.B. Joshua,Y_bTYqNJW2c
178,T.B. Joshua Prays For All Nations!,iToV2qZ300U
179,MASS PRAYER WITH T.B. JOSHUA!!!,NMNi4qhziUg
180,POSSESSED PROPHETESS: Demons Behind Africa's Bondage Exposed!!!,GGqPlYrrtKU
181,"""My Wife Beats Me Up"" - MARRIAGE FROM HELL!!!",kT_1t9XMmoY
182,SHOCKING Confession Of BOKO HARAM Member!!!,MAhDniaExjU
183,"""I Took 100 Beers Daily!!!"" - A DRUNKARDS DELIVERANCE",A7LpMLWY_6g
184,DEMON FROM BERMUDA TRIANGLE EXPOSED!!!,gj-fzkNnqlU
185,DEMON CAUGHT ON CAMERA LEAVING WOMAN!!!,iRoeiovBJEw
186,Martial Arts Snake Tattoo | Personal Prophecy | TB Joshua,n8L7v7k1BA4
187,How INTERNET SEX And PORNOGRAPHY Destroyed Our Marriage!!!,SnQ-1T9lz70
188,"IF YOU DON'T BELIEVE IN MIRACLES, WATCH THIS... !!!",S7iKGy-Uae0
189,"""No Man Can Resist My Body..."" - SATANIC SEDUCTION!",QiJtio9n4Lc
190,WE ARE A TEAM | Words Of Wisdom | TB Joshua,I08Rh6bJL6M
191,PRAY WITH T.B. JOSHUA - BE RESCUED!!!,fh6kyUyA5HY
192,HE IS RELIABLE! - Pray with T.B. Joshua,YZllyTjfb-U
193,BE RESTORED! - Pray Along with T.B. Joshua,v-PDcotGHH8
194,WE ARE A TEAM | Full Message | T.B. Joshua,gIrffciQgng
195,ARE TATTOOS SINFUL? T.B. Joshua,rEgCUSWowzM
196,EVERYONE NEEDS DELIVERANCE! Powerful Mass Prayer With T.B. Joshua,zxPgrGsN3aU
197,"Bomb Blast in Abuja, Nigeria's Capital - T.B. Joshua Prophecy",BPsrk_Z48r0
198,KIDNAPPED KING!!!,YnwGQKen72M
199,FUNNY Advice From Pastor Set Free From Sexual Immorality!!!,_awo8-2019c
200,Love is the Greatest | Full Sermon With TB Joshua,UVCPRnWs-bE
201,Kenya Prophetic Warning - T.B. Joshua,yFlWaW_YS7s
202,GOSSIP JOURNALIST GETS A SHOCK - Delivered From Demons!!!,01JP6h4csYY
203,UKRAINE MAYOR SHOT!!! - T.B. Joshua Prophecy,0kdGqyqQGLI
204,Pastor's Son Possessed By Demon Of Lust!,IkO5a0jACkA
205,No Weapon Formed Against You Shall Prosper! MIND-BOGGLING TESTIMONY,YjTi7PMlD18
206,Laugh Louder In Jesus' Name | Prophetic Prayer With TB Joshua,uVsh685wHxM
207,HIV/ AIDS Anointing Water Testimony!!!,FACA5pV3tvg
208,I SURRENDER ALL! Powerful Mass Prayer With T.B. Joshua!!!,HG311Td-Sbo
209,WATCH This Wound CLOSE After PRAYER...,7q54WqZ07EY
210,THE SCOAN: Why Demons HATE This Church!!!,byf2zjy3vh0
211,"TB JOSHUA SPEAKS On Boko Haram, Chibok Girls, Warns Nigerian Politicians",6TPy4WBK6B8
212,ILLUMINATI EXPOSED: Satanism In Music Industry!!!,TjbllQA3lfo
213,PRINCE OF PERSIA SPEAKS: How Demons DESTROY!,9_jpWr1f8Q4
214,"CONFESSIONS OF A TEENAGE CULTIST - ""I Use Witchcraft To Fight!!!""",qAXiTK6lAl4
215,"""I Needed Written Permission From My Wife Before Sleeping With Her"" - PASTOR CONFESSES",midWz-yxBKs
216,FUNNY Deliverance!,_SjylTgUn3c
217,HORRIFIC: A Bloody Miracle!,IPbI0utajjw
218,MUST-WATCH Video For EVERY FAMILY!!!,fNO9jkFEWGo
219,"""My Wife REFUSES To Sleep With Me...""",g42QqHuG9rY
220,"FALLEN ANGEL SPEAKS: ""I Want My Wings Back!""",RuE443fH76E
221,From SECRET CULT To GOSPEL MUSICIAN!,tRpU9I9s85w
222,BULLDOZER! How Prophecy Solves Heated Family Issue!,OCv-IkYIm30
223,"""I Found My Husband's Condoms!!!"" - MARRIAGE COUNSELLING",BUYzIxUNv5w
224,PROOF THAT SUICIDE IS SATANIC!!!,vml3w-R1QMY
225,PRAYER FOR THOSE STRUGGLING WITH DOUBT - T.B. JOSHUA,303pzr95R2w
226,"""I PROPHESY TO YOUR LIFE..."" - TB Joshua Powerful Prayer",usr9cojC064
227,LETHAL SEDUCTION: I Enjoy Destroying Men!!!,dCCoZhm2Wxw
228,I Met A DEMON On The INTERNET!!!,ny8EjEPhVgQ
229,"Satan, Loose Your Grip!!! | Pray With T.B. Joshua",JiY43q0wJPg
230,MIGHTY MIRACLE: Maggot-Infested Leg Supernaturally Healed!!!,KfeJ1s-efdo
231,Because Of Christ... | Pray With T.B. Joshua,2hiz9U8bFXc
232,AWESOME Fruit Of The Womb Testimony!,46GPnlE7yU8
233,EXPOSED: How DEMONS Use The INTERNET!!!,YEmOFE5DV68
234,King Of The Ocean EXPOSED: Entire Family Delivered!!!,bCZrEwsOJBw
235,"""MY COVENANT WITH DEMONS"" - Magicians Secret Tricks Revealed!",Os_PE64BbHo
236,"Prayer For Healing With T.B. Joshua - ""Good Morning!!!""",jRPshEF7NXg
237,How Sex In The Dream Destroys | TB Joshua Prophecy,ESW9sZLNylA
238,How God Talks To You - T.B. Joshua,5ye4Ru0ujG4
239,I COMMAND RESTORATION! Mass Prayer With TB Joshua!!!,IknpEdKmdQc
240,"""Controversy Over This Child..."" - T.B. JOSHUA PERSONAL PROPHECY",wVdvscnhTKg
241,DISGUSTING: How Demons Use Sperm!!!,Eato_pVFebo
242,Fear Not | Words Of Wisdom With TB Joshua,p_kw4P1u_5Y
243,A DEMON sees ANGELS in CHURCH!!!,AWcAS2V-cDY
244,WARNING: How Demons Can Enter You Through Computer Games!!!,1BXrk-B4u7A
245,"""I Slept With 50 Men A Night..."" - CONFESSIONS OF A PROSTITUTE",pQj9_YL4SZQ
246,You Are A Faith Man | Powerful Message From T.B. Joshua,iycLMEjoCGc
247,The SECRETS Of CONTENTMENT | TB Joshua,KeB9MjAmJyA
248,They Want To Kill Your Brother | Personal Prophecy From T.B. Joshua,vzxR20e3iTk
249,"""RECEIVE REST FROM ALL YOUR TROUBLES"" - Pray Along With Prophet T.B. Joshua",Gcq7lXTbKy8
250,WHAT IS FAITH? Teaching With T.B. Joshua,T4wmcKM3K5s
251,NIGHTMARE BULLET UNCOVERED: Demonic Dreams In Reality!!!,23Q29i_7lUo
252,"""THERE IS SUICIDE IN THE FAMILY."" - T.B. Joshua Personal Prophecy",AmxKMrbOeBA
253,My Devilish Porn Addiction!!!,iD4sIikxxdw
254,Malaysian Airlines MH17 Plane Crash Prophecy - T.B. Joshua,nPSu5Koibys
255,Can God SEPARATE A Marriage??? MUST-WATCH!!!,MGfl5iCURSI
256,Deborah Fraser | South African Gospel Musician At The SCOAN,ayJcMWacLA4
257,South Korea Pastors Conference With T.B. Joshua | Day 1 | FULL,9p6S_oXDH4Y
258,INNOCENT BOYS RESCUED FROM SATANIC RITUAL: TB Joshua Prophecy!!!,ipailYlM5IY
259,I Tried To Seduce T.B. Joshua... - SEA PRINCESS!,ZlLXSQr1-Aw
260,BREAK YOUR BAD HABITS - TB Joshua Mass Prayer!!!,HJB_RUavUnc
261,MUST-WATCH MESSAGE: TB Joshua Pastors Conference In South Korea!!!,a6nYlEUjgZA
262,How To Know Your Calling In Life - T.B. Joshua,S9vhzhV92Dc
263,DEMON Attacks TB Joshua... And FAILS!!!,zVv90VfY9t8
264,MIGHTY Revelation Of Jesus & TB Joshua!!!,oHJDUHYjKjc
265,INCREDIBLE: Watch This Woman Walk Again!!!,xLLty5Gt7kY
266,BIZARRE: The Tree I Cut Down Entered Inside Me!!!,XSWMEXTfGdY
267,You CANNOT Deny This MIRACLE!!!,21ijUVwpsfA
268,TB Joshua: IMPORTANT MESSAGE TO NIGERIA,QahtOd6Srts
269,HORRIFIC HEALING: Vagina & Lip Cancer!!!,TJMb0_qOFqc
270,EBOLA PRAYER: Break The Satanic Covenant!!! - T.B. Joshua,EunaRUwinNM
271,NO PERFECT RELATIONSHIP: TB Joshua Sermon,Bi7YyCPhgCE
272,YOU MUST LISTEN!!! Prayer With TB Joshua,lvzcse6YlYo
273,CAST OFF: Broken Bone Healed In South Korea!!!,XXYEi5bpiew
274,“Don’t Commit Suicide” - PROPHECY At South Korea Pastor’s Conference With T.B. Joshua,vL0jvdV7usY
275,DO NOT Collect MONEY From The Sick!!! TB JOSHUA,OJn0VbQb-8I
276,Marital Problems? DIVORCE Is NOT The Answer!!!,L1Fs0riEOHQ
277,SHOCKING CONFESSIONS OF A FEMALE WITCHDOCTOR!!!,EqemuVyJ-b8
278,A LIFE FULL OF CHOICES | TB Joshua Sermon,Kn-Y7D5LSjY
279,LET THERE BE LIGHT IN YOUR SOUL! Pray With T.B. Joshua,qOwrrKePYS8
280,DEMONS Reveal Shocking Secrets!,t-sy9vjLnjU
281,"""I Am A Strong Man"" - DEMON Within Woman Confesses!",vbg5B80e9lE
282,"""I Gave Her Drugs..."" - EVIL SPIRIT BEHIND DRUG ADDICTION EXPOSED...",W3H5IAl1OEA
283,Demon Of Depression CAST OUT!!!,hMTp6H2wx8w
284,DELIVERANCE From The Demon Of SEXUAL ABUSE!!!,riCiogLymw0
285,“I Almost Took Her To HELL!” - DEMONIC MANIFESTATION!!!,IlCrasZiELE
286,"DEMON OF LUST: “I Slept With My Wife’s Best Friend 3 Days After Marriage...""",mHPV7Wto0ug
287,SPIRIT OF DEATH DELIVERANCE!!!,yRc4jklXhB4
288,PROFESSIONAL MODEL DELIVERANCE: Spirit Of Lust & Womanising,wAXTUGprDSY
289,APOSTLE RECEIVES DELIVERANCE FROM FAMILIAR SPIRIT!!!,aVAd0_hwuRU
290,T.B. Joshua Speaks On SCOAN Building Collapse,3UG9UVD_T18
291,"CONDOLENCE MESSAGE From T.B. Joshua, The SCOAN And Emmanuel TV",9SF2ciqDzyA
292,T.B. Joshua Coming To South Africa In Honour Of ‘Martyrs Of Faith',oMnFG1l3uLQ
293,ARCHIVE: First South African Visitor To The SCOAN,TWW6M6t5ATk
294,FULL FOOTAGE Of SCOAN Building Collapse - SECURITY CAMERAS,D6DwUoqzaeI
295,NEW Security Footage Of SCOAN Building Collapse,7o5jQsu28Ls
296,"SATAN, BOW IN THE NAME OF JESUS - Viewers Prayer With T.B. Joshua",VM42VYubKGU
297,Mass Prayer in KOREA With T.B. Joshua!,Zv4LymjoyKo
298,Lucifer Fights T.B. Joshua: SPIRITUAL WARFARE!,mHUQtKNc-gE
299,"SATANIST SPEAKS: “I Am The Lord Of Darkness...""",LelMr2NYxv0
300,Controlled Demolition vs Collapse by Structural Failure,mAccLLUNq2s
301,“A cloud that covers Nigeria... as close as my mouth.” - T.B. Joshua,JaosgsSuy2U
302,IMPORTANT TEACHING ON SIN - TB Joshua,-5_f8yt604g
303,WATCH INSTANT HEALING!!!,v7a5P1V8cHA
304,"""I am SATAN!""",77ewyEShZng
305,“BE REVIVED!” - Pray with T.B. Joshua,-WVuooaRrDE
306,Footage of Controlled Demolitions in Nigeria,mdLL8mC0snI
307,REBUKE DEMONIC ACTIVITIES: Powerful Prayer With TB Joshua!!!,OEl6sSnFvCg
308,How To QUIT Smoking!!!,1UnIfBa1Jdg
309,TB JOSHUA WORLD PRAYER: 'Speak Fire To Your Challenges!!!',nqB4pIr_9ck
310,BREAK SIN'S POWER: T.B. Joshua POWERFUL Prayer,CnGeSNu_BEg
311,I ENJOY Making Men CRY!!!,l2iMoZGTlWc
312,DISCOVERING YOUR PURPOSE IN LIFE: T.B. Joshua Sermon,FcVYr2nvJTA
313,Woman Tries To TRICK T.B. Joshua...,NlLsLJlpL1g
314,HOW TO OVERCOME DOUBT: Life-Changing Sermon With T.B. Joshua!!!,KGAMswFJM_A
315,WHAT CAN SEPARATE YOU FROM THE LOVE OF CHRIST? T.B. Joshua Viewers Prayer,XjVLpjGjLmU
316,An EYE-OPENING Miracle!!!,EdxmUc_jY_A
317,DELIVERED From Facebook Masturbation!,aPrPTelcnT0
318,"HEAVEN IS OUR HOME - Ft. Kimmy Skota, Written By T.B. Joshua",uXDKmvS344E
319,SEXUAL SLAVERY VICTIM SPEAKS OUT!!!,ekhJ_diIGf0
320,The Man Who Married A STICK!!!,NP2JWjxPRXM
321,“I Can Hear RESCUE!!!” - T.B. Joshua Prayer,DzCFawlnq6g
322,Little Girls Leg Saved From Amputation | T.B. Joshua Early Ministry Footage,I4YJHasy9XM
323,This Is Someone’s Foot... HEEL HEALING!!!,XrH4C3-d9j0
324,EMMANUEL TV: Incredible Resurrection Testimony!!!,J-TI0wGkOL0
325,"""He Chases Women With Big..."" - LUST Is From HELL!!!",km8X_7XibVo
326,KIMMY SKOTA: Heaven Is Our Home,p4y1BbaxhFI
327,Colombia Crusade With T.B. Joshua | Day 1 | SERMON: The Price Of Faith,73ne6ThwKqk
328,EMMANUEL TV Barrenness Testimony | Colombia Crusade With T.B. Joshua!,CDoEq1RGO1Q
329,“SHUT UP!!!” - DEMON Behind Eating Disorder EXPOSED in Colombia!,vF6PD_dBPGI
330,Demon Attempts To Run Away During Deliverance In Colombia!!!,e5hKVfHyack
331,DEMONS Manifest Around Stadium!,VyxnbvHxXLI
332,Bed-Ridden Man Receives AMAZING MIRACLE!,Vuww-074SxY
333,“It Is God’s Will To Set You Free!” - T.B. JOSHUA VIEWERS PRAYER!,cmQDuO9wnhk
334,"""I HATE GOD...” -  DEMON Of LUST Confesses!!!",gxN6Py3ST4E
335,THE MOST POWERFUL PRAYER YOU MAY EVER WATCH...,WOxcV2OUj0M
336,BEAUTIFUL Little Girl Receives Instant Miracle!!!,NhDM2--OsG4
337,Colombia Crusade With Prophet T.B. Joshua | INTRODUCTION,BOV4OskCVYo
338,STOP Making Jesus Unpopular!!! | TB JOSHUA,M9BFUz9Hwzg
339,C.S Upthegrove PROPHECY To T.B. Joshua At THE COLOMBIA CRUSADE!,Hnj3lp6Q2AA
340,"T.B. JOSHUA: “I Am Your Brother; I Am Not Jesus!""",VCFz3Rdh4qA
341,POWERFUL HEALING IN JESUS’ NAME!!!,96kdiiS4JP0
342,INSTANT MIRACLE: Young Footballer Walks Without Crutches!!!,FJFJzgAmRMU
343,T.B. JOSHUA PROPHECY: Oil Prices Will Drop Drastically!,Z4jDP2d5vjo
344,WEIGHT LOSS PRAYER: TB Joshua,DDo4Yc6mPdg
345,T.B. JOSHUA: Heavily Anointed Prayer For Viewers!,OvKWGvXhbxI
346,GOD’S POWER KNOCKED ME DOWN!,IeiBH61Ow6Q
347,NEVER A DEMON JESUS CANNOT DELIVER!,4GDpUJbJ1aQ
348,BE DELIVERED WATCHING THIS!!! Transferable Anointing - T.B. Joshua!,JsxmgRsrqqg
349,T.B. Joshua EXPOSES Terrorist Plans!!!,TKQInGmoiGk
350,How I Married My Spiritual Wife!!!,EPX_m93YFx0
351,T.B. Joshua Teaching DELIVERANCE!,2yJ2KOYanuY
352,"WITCHDOCTOR: “How I Married A Woman 50 YEARS Younger Than Me!""",J0aTT-GKsD8
353,How DEMONS Use LUST To Destroy People!!!,CxGZNTlLpfA
354,HEALING MIRACLE: Oxygen Mask REMOVED After PRAYER!,BnrFUOWbBkk
355,T.B. Joshua's Secrets REVEALED!!!,j5wVoBqa0o8
356,T.B. JOSHUA - Why THE FIRE has REDUCED in CHURCH!,BZyU0VDVRtk
357,Every Spirit Of Addiction: LOOSE YOUR GRIP! - T.B. Joshua Viewers Prayer,OhLk9zeALDc
358,AirAsia Plane Crash PROPHECY - T.B. Joshua,5XlkPQWLLCw
359,Nubuatan Kecelakaan AirAsia Di Indonesia - T.B. Joshua,UqVirsGVfBw
360,Orphanages in Ukraine Light Up With Smiles During Emmanuel TV Visit,n1y74bDlFOI
361,GOOD MORNING! Prophetic Prayer For 2015 - T.B. Joshua,4kvtq-H_i6Q
362,GOOD MORNING: Anointed Words For 2015 - T.B. Joshua,tO3KvV8NgI8
363,MARTYRS OF FAITH'S Relations Visit Site Of SCOAN Building Collapse,EGKM0Mn_R6w
364,SURVIVOR Of SCOAN Building Collapse Speaks Out,AFRDdV-37Gw
365,"Wife Of Martyr Of Faith - ""My Husband Knew He Was Going""",P06ldM1FD_I
366,"""I Saw My Husband In Heaven"" - WIFE OF MARTYR OF FAITH",O3f5lqiHdgg
367,"""My Husband Told Me He's At Peace"" - WIFE OF MARTYR OF FAITH",HHLKpIj__qc
368,"""The Last Text My Daughter Sent Me Was GOOD MORNING"" - Mother Of MARTYR OF FAITHH",vePCjsiAqvU
369,"""My Husband Got SAVED At The SCOAN Before His Death"" - Wife Of MARTYR OF FAITH",cdYJQ7aoKsU
370,"""WE ARE NOT DEAD; WE ARE ALIVE"" - Message From Martyrs Of Faith",RC_Cj7WsuJA
371,"LAST WORDS Of Daughter To Mother  - ""I AM NOT COMING BACK""",4ZwsJabOY5c
372,"""The Martyrs Of Faith Were Ready To Go Home""",Jm-bOMEGP8g
373,"""Live Life As If Each Day Were Your Last"" - SIBLING TO TWO MARTYRS OF FAITH",DJc_MgZINh8
374,ENGINEERING EXPERT Speaks On SCOAN Building Collapse & Controlled Demolition,HbWOmSECc-I
375,PARIS TERROR ATTACK - T.B. Joshua Prophecy,k03Ye5xusTY
376,WATER THERAPY - TB Joshua,06IzVBvHfZk
377,BE RELEASED! Pray With T.B. Joshua,Bypxwuk2oGs
378,WHY PASTOR REFUSED TO COLLECT OFFERING MONEY!!!,FG_ewp_J4G4
379,USE YOUR FAITH TO PUT A DEMAND - T.B. Joshua,jUxtDs5OfoU
380,VIOLENT SPIRITS EXPOSED: T.B. Joshua Powerful Prayer!!!,Y_0VYnAv8v8
381,HOW TO LIVE IN GOD’S WORD - T.B. Joshua,Od8BDeLiGms
382,COLOMBIA CHARITY EVENT with T.B. JOSHUA,sHEvNuheOcg
383,DON’T GIVE UP! T.B. Joshua - Short Sermon,msqyLKjiAzE
384,DEMON-POSSESSED Lady Slaps Herself During Deliverance!,TT8xBtZdzAQ
385,MEDICALLY CONFIRMED HIV/AIDS HEALING: Two Sisters!,VEkhK_x4FC0
386,How To Be Born Again WITH POWER - T.B. Joshua Sermon,1GriI9uDcvM
387,AMAZING PROOF MIRACLES STILL HAPPEN TODAY!,PytoImZDXw4
388,WHAT TO DO WHEN PRAYERS SEEM UNANSWERED - T.B. Joshua Sermon,ENFd-7iSrrM
389,Strange Addiction: ANIMAL SPIRITS EXPOSED!!!,esRZnXk-mQc
390,CONFESSIONS OF AN EX-RUSSIAN MAFIA MEMBER!!!,calghjPNtvM
391,SUPERNATURAL! Strange Needles Appear Within Young Girl!,XO1umfwuoAc
392,LIFE CHANGING PRAYER!!! | TB Joshua,8TVCrSGps2w
393,GOD’S NOT DEAD: Powerful Prayers!,JCYPTrXm06Y
394,NIGERIAN ELECTIONS POSTPONED: TB Joshua Prophecy,B7RIvjBA3xk
395,THE MAIN THING ABOUT CHRISTIANITY: TB Joshua,ksxj4o09IEE
396,“You Woke Up With Sperm On Your Body...” | AMAZING PERSONAL PROPHECY - TB JOSHUA,WyEoTq__kSs
397,"""YOU ARE A BEDWETTER!"" | TB Joshua Personal Prophecy",bwfhWpp2B_Y
398,SPEAK FAITH! Short Sermon - TB Joshua,1YzlWbYF_uw
399,MASS PRAYER: Sin's Power Over You - BE BROKEN!,7cY1abH59fM
400,YOUR PRAYERS FOR MANY YEARS ARE NOT LOST: TB Joshua Prayer!,5GbZWDqpLxk
401,The REAL Value Of Money - TB Joshua,0w4x9u9rA0E
402,EDUCATION IS NOT SUCCESS - TB Joshua,aJubX7lH01I
403,WATCH Young Girl TURNING Into A SNAKE!!!,3z0KWSKL5Z8
404,CHIEF ZEBRUDAYA ‘ALIAS 4:30’ | Veteran Nigerian Comedian Testifies At The SCOAN,iZUe-jtzsOA
405,THE MOST INSPIRING DRAMA YOU MAY EVER WATCH!!!,C_tUIaQ_078
406,POWERFUL WORSHIP: Bongani Nchang Sings At The SCOAN!,AnrUe2LcU5g
407,MONEY RITUALS: Shocking Secrets EXPOSED!,8KY7KuChfmc
408,TURN THE OTHER CHEEK: Short Christian Drama!,aBwOj8aTc1w
409,IT IS TIME TO SHINE!!! TB Joshua Prayer,Igo8PkjFWiE
410,THAT CAGE - BE OPENED! TB Joshua Prayer,MwZyiEOEfu4
411,HEALING FLOW - Powerful TB Joshua Prayer!,IKx57ZHRxwI
412,CHILLING: Satanist Secrets!,OpaVQcO8pt0
413,RESURRECTION Caught On Camera!!!,nLbicZGOHL4
414,Euro Currency Fall - TB JOSHUA PROPHECY,h3fRF17Zy6M
415,MORNING WATER: Gospel Artist Testimony!!!,Up-X7jj53ic
416,SNAKES BEHIND SKIN DISEASE: Hungarian Pastor!!,Fz8g4gxvdsM
417,DEMON-POSSESSED Man With 186 Evil Spirits DELIVERED!!!,5cAUV6KWA-8
418,T.B. Joshua Speaks On JOB CREATION!,VHC4In5O6hg
419,How DEMONS Sent Me To PRISON!,ItNr5G97xLg
420,MUST-WATCH LESSON FOR SOCIETY!,JsF4sXf-AR0
421,INDIAN DEMON EXPOSED!!!,S7FY2YfT5eU
422,INSPIRATIONAL: From Donut Vendor To Presidents Office!!!,VUXlyPCzNk4
423,BATTLE BETWEEN DARKNESS AND LIGHT!!! Pray With TB Joshua,je0HJ7toXJs
424,PROPHECY Reunites Father & Daughter!,XXJ-TRCskyk
425,My LUST For BLOOD!!!,dC0LHwLdWoA
426,RESURRECTION POWER! TB Joshua Prayer!,2Z37llivClg
427,NIGERIAN ELECTION PROPHECY: TB Joshua,atJg_wKrJmg
428,Can You FAKE This???,gOrckjRZauw
429,KENYA College Terror Attack PROPHECY: TB Joshua,FQJIAvuxZ8A
430,BECAUSE OF CHRIST!!! | Emmanuel TV Easter Message,lqC5bh7WA8Q
431,ESSENTIAL Teaching On FAITH - TB Joshua,dFf0B93eqwI
432,WATCH THIS and Get BLESSED!!!,Fw8dKLQQV4A
433,HOW TO PRAY - TB Joshua,zCTrhTMxfKU
434,T.B. Joshua ARRESTED For DRUG DEALING!!!,-9PQBuX6tlg
435,"THAT GOLIATH, BE REMOVED! Prayer With TB Joshua",g5cQhE4JYsc
436,The REAL Meaning of FRIENDSHIP - TB Joshua,W2LMISokMOc
437,DEMONS Go CRAZY During PRAYER!!!,akMWSwBZh5I
438,"""T.B. Joshua SLEEPS With SNAKES And LIVES In WATER...""",Fr3hCluOdFw
439,HEALING: Horrific Gun Shot Wound!,LKDpHWkM_3g
440,XENOPHOBIC Violence In SOUTH AFRICA: TB Joshua PROPHECY,ZKNC6qERgsw
441,IMPOSSIBLE! A Dying GIRL And TB Joshua's HANDKERCHIEF,9cGqGsNYrS4
442,Why PRAYER Is FIRE To DEMONS!,ib7piKLp4do
443,How To COUNSEL Yourself - TB JOSHUA,jOmsClUn2TM
444,"AFRICA, UNITE!!! TB Joshua Speaks On XENOPHOBIA",CbP4WyeRLV0
445,RECEIVE FAITH!!! Prayer With TB JOSHUA!,0-omNZA4QZY
446,Be RELEASED To FLOURISH! TB Joshua Prayer,BCd28hNReB0
447,Keeping SAFE In The DANGER ZONE - TB Joshua,MAne4A9rcpg
448,"""I See SICKNESS Coming OUT!"" - HEALING PRAYER",QMngbQMx2Jw
449,NEPAL EARTHQUAKE RELIEF!!!,V2qc8HjCAao
450,HOMOSEXUAL DEMON Speaks OUT!!!,J5WxzcYfKiI
451,A Message Everyone MUST WATCH!!!,wvd77693yFU
452,T.B. Joshua's Arrival In MEXICO!!!,CUl1vZbBvhc
453,TB Joshua in Mexico City!!!,LwotiydG9YA
454,Leisure Time With T.B. Joshua In Mexico,Q1hUPOR83SY
455,"""I Am A Sea MONSTER..."" - Amazing DELIVERANCE!",eipNRU_idSs
456,Holy Ghost ADOPTION | TB Joshua,Y0xAVhgKpUI
457,BURIED ALIVE! My Dad Is A WIZARD...,F95ASL-xseQ
458,Are You PREPARED To Die???,iEje9IAhWHQ
459,A TUMOUR The Size Of MY HEAD...,WJzVKpIhadY
460,LIFE-CHANGING Message | TB Joshua,wQEOZrPo7y0
461,HOW To Get FAITH | TB Joshua,fTB6mVpRyG4
462,"""You Have A PERMANENT Erection..."" - TB Joshua PROPHECY",C0jYQZBT6fw
463,"""I Lost My KIDNEY Sleeping With Men..."" - PROSTITUTE CONFESSION",pp2eAaf4vVE
464,The FUTILITY Of Self-Effort | TB Joshua,i2f2a6C_fsA
465,The SECRET Behind MIRACLES | TB Joshua,kxe-qxnoBlE
466,How LUCIFER Taught Me MASTURBATION...,A0VSBSpCnQY
467,The King Of INTERNET SCAMMING Confesses!!,wgqs_X6L8zg
468,PRAY FOR AMERICA | Homeland Security | TB Joshua,D1RdKMwjUU4
469,'I Can STOP The RAIN' - Witchdoctor CONFESSIONS!,SzRE-PAB25o
470,EXCLUSIVE: TB Joshua In School!!!,9GYFIwoeet8
471,What Happens When DEMONS Get ANGRY!!!,yAdcd8zW-VE
472,MIRACLE HEALING Caught On Tape!,DfjE6wY23x4
473,NOLLYWOOD Actress Shares POWERFUL Testimony!,nr6_XsJDvlg
474,YOU RAISE ME UP (Powerful VERSION) | Kimmy Skota LIVE,uDc0r78Rp7w
475,BE GLORIFIED (Phambili) | Loyiso Bala LIVE,DcjIMFsIh-c
476,NOBODY GREATER (Anointed WORSHIP) | VaShawn Mitchell LIVE,_arrHLd0Mis
477,MORE THAN ENOUGH | Loyiso Bala LIVE,pkJ2EEDvkRg
478,HOW GREAT IS OUR GOD | VaShawn Mitchell LIVE,iC67VlEK3WE
479,"You STOLE 400,000 From Your Husband | The POWER Of PROPHECY",tdkzt_vtNcE
480,TB Joshua REVEALS The Secrets Of Faith!,52YZyQHEgx0
481,You BETRAYED This Woman | T.B. Joshua PROPHECY,n-pX-FpjEEQ
482,"LOVE CHARM: ""You Left Your Wife For An Old Lady""",RSi0yhZ8fGE
483,LESBIAN DEMON Speaks Out!!!,7p1MQsfeI3Q
484,"""I Slept With Her ONLY ONCE..."" | TB Joshua PROPHECY!",o7kJj6tFv5g
485,"""Your Manhood SHRUNK..."" | TB Joshua Prophecy",3xAi29FdOK0
486,MARRIAGE COUNSELLING with TB JOSHUA!,Yv9KJFN_6Jc
487,"""I Named My Son After TB Joshua!"" | BARREN No More In BOTSWANA!",P6Yx_rSO6us
488,REVERSE The  CURSE!!! | Prayer With TB Joshua,yoUGgVm7wg4
489,BREAK That FAMILY CURSE!!! | TB Joshua MASS Prayer,AmKilwBUkI0
490,"""How I Send Pigeons To KILL..."" - NOTORIOUS WITCH-DOCTOR!!!",EL8J74oxj2o
491,Spiritual FORNICATION VS Physical FORNICATION,Tj2BZc4vFzs
492,Father Sees BEAUTIFUL Daughter For FIRST TIME In 28 YEARS!!!,GYRY2y4YQNM
493,How Satan Made Me A Lesbian!!!,Wk4la8edrzw
494,You MUST Get Out Of The CAGE - TB Joshua,kod1Q8Ii1Bk
495,PROPHECY For TURKEY: TB Joshua,Z6IxihB8bNA
496,Mexico Crusade With TB Joshua | DAY 1 INTRO!,0HSUyv8USD0
497,MISSING Malaysia Airlines MH370 PROPHECY | TB Joshua,bVrrPu6bZm0
498,"""I Once Was DEAF; Now I Can HEAR!""",uCDIhWHHr1E
499,India Train Derailment Prophesied By T.B. Joshua,WkPEJ-_rejU
500,CeCe Winans LIVE At The Mexico Crusade With T.B. Joshua,hhWimdizYXM
501,A Prophetic Message On LOVE - T.B. Joshua,-Mweh3gAvgg
502,Mexico Crusade With T.B. Joshua | Day 2 INTRO,eC5UKIYXyYY
503,The MOST IMPORTANT Message You May Ever Hear!!!,oVSicTnFmR8
504,Alvin Slaughter LIVE In Mexico With T.B. Joshua!,tnS7zSb2u60
505,The MOST AMAZING Faith Healing TESTIMONY!!!,7GfJG2lfQ_s
506,INCREDIBLE BLINDNESS HEALING!!!,JKg8IVYVKnU
507,BLACK MAGIC EXPOSED!!!,bK1I-nX8t0k
508,WATCH ALL HELL BREAK LOOSE DURING PRAYER!!!,_VfdnvBcY8Y
509,SYRIA WAR PROPHECY | TB Joshua,P6joZOMeBNo
510,How SATAN Ate My FACE!!!,QmcbtolpN1Q
511,"""I Thought T.B. Joshua Was FAKE... Until My HEALING!""",Rq8uOHPmbWc
512,How PRAYER Can CURE!!!,Rq2WmGD_aH0
513,How To Handle HARD TIMES | TB Joshua,DIuGUe5zOkY
514,CANCEL EVERY NEGATIVE SPIRIT!!! | TB Joshua Mass Prayer,XUzsWpT0ccw
515,What HINDERS Our PRAYERS | TB Joshua,Upiya-9zqYA
516,HEALED OF CANCER!!!,BGGYKka3MU0
517,DISCONNECT YOURSELF From Evil Spirits!!! | MASS PRAYER With TB Joshua,LDP1St5Ylb8
518,What Happens When GOD'S POWER Hits You!!!,CQHyUwoHYOE
519,"""I Am The DEVIL..."" | Woman Bathes In SHEEP FAECES",tHtsn8EKrKA
520,How To RECEIVE The Holy Spirit | TB Joshua,14_ufm3kJKc
521,"""How I BEWITCHED Men"" | SATANIC SEDUCTION Exposed!!!",sE1VGv_MZO8
522,Woman With NO FALLOPIAN TUBES Gives Birth!!!,Z2mcscwpnwU
523,POWERFUL PROPHETIC PRAYER!!! | TB Joshua,cgjUC77Ux5o
524,WATCH God Restoring This Arm!!!,H73eGFACbi8
525,ENTER The REALM Of LIBERATION!!! | TB Joshua Prayer,WPfip9jqEnk
526,MIRACLE BABY After 17 YEARS Of Barrenness!!!,xfAeUeJ4yN0
527,WORM COMES OUT Of Woman In Church!!!,fqQrT84kjc4
528,"""DEMONS Killed My Children..."" | HERBALIST'S HORRIFIC CONFESSION",8xb3nMjIV6A
529,PRAYER In The POWER Of The HOLY SPIRIT | TB Joshua,-2hPBdU-0qU
530,T.B. Joshua Teaching On 'FAITH BRACELET'!!!,q1pzaIDe5lA
531,From RAGS To RICHES | MUST-SEE Testimony!!!,4CQtM2jzkMQ
532,"""HELP! My Friend Stole My MANHOOD!!!""",F-Mi6R61XAo
533,TB Joshua's SHOCKING END-TIME Prophecy!!!,AZSc-e7dqMQ
534,"""The Garment I Wear To DESTROY..."" - SECRET CULT Member",jQSIwnwjVX4
535,Why DEMONS Hate T.B. Joshua!!!,BQayqX4Z50k
536,Where Will T.B. Joshua Go Next???,0hNFAiENs6k
537,Demonic Activity EXPOSED!!!,f9cYbkEd3qM
538,SHOCKER: Pastor ATTACKED By Demon!!!,xU2Wt4Sl9SU
539,MUST-WATCH LESSON ON MARRIAGE AND ADULTERY!!!,myP3FIvPr8g
540,ANOINTED PRAYER With TB JOSHUA!!!,Wvix857ePzo
541,Think Demons Are Fake? WATCH THIS!!!,RwsHRKcGEQ4
542,TB Joshua's Hidden Secrets EXPOSED!!!,5IjDndGOjK4
543,WATCH THIS And Feel GOD’S PRESENCE!!!,oZjF2qopxo4
544,HEARTBREAKING: Innocent Girl Used For RITUAL SACRIFICE...,YfTcAiGJ35Q
545,How To RESTORE AFFECTION In MARRIAGE!!!,lU0c8n3YSJA
546,How To OVERCOME Challenges  | TB Joshua,jKw45sDN9dg
547,Demon CHALLENGES T.B. Joshua To A FIGHT!!!,oJ4fIffPrhM
548,SHOCKING: A Testimony That Will Make You CRY!!!,DDofd_J-hIE
549,My DIABOLICAL BEADS From HELL!!!,9sJ5RgGC3J0
550,Can WATER Anointed By God Cure HIV/AIDS?!?,qCh_Qmy524w
551,The POWER Of FORGIVENESS | TB Joshua,Yt9uqadITkk
552,Watch RAW FLESH Transform After PRAYER!!!!,yhhAzmwF8HI
553,Woman Turns Into LIZARD In Singapore!!!,DOjRmtGm-JA
554,How To Find PEACE Of Mind | TB Joshua,TZGxlDHUScA
555,Demons Go WILD And ATTACK T.B. Joshua!,EGJqx7rLk8c
556,LOVE Beyond RELIGION | TB Joshua,A8MgUtpqErQ
557,DRAGON APPEARS During Christian Crusade!!!,JjpZx9y89N0
558,Command That PAIN To GO!!! | TB Joshua Prayer,lPV552MiMeA
559,Nigerian Militants SURRENDER In Church!!!,zpRAz-bbovE
560,"HORROR: ""How I Dug Up GRAVES...""",K7LsSSfmMrw
561,TRY TO WATCH THIS WITHOUT CRYING!!!,iKIferLMfyw
562,"""BLOOD Must Flow!"" | Secret Cult SECRETS Revealed!!!",-EiA9KjNc6s
563,"ABANDONED!!! Six Children, Five Women, One Fish...",HqKK3c-2UCU
564,BABY BORN As PASTOR PRAYS!!!,TWiGt0zkVp8
565,RUSSIAN PLANE CRASH IN EGYPT | TB Joshua Prophecy,Xb7PFiT5yXo
566,DECEPTION IN THE CHURCH: ‘Pastor’ With Demonic Powers!!!,429pg5tXX14
567,WATCH Prayer EXPOSE DEMONS In Church!!!,I7EIF4k1Ibo
568,WATCH How This ROTTING LEG is RESTORED!!!,rGh83SFNgIo
569,CAN YOU WATCH THIS WITHOUT BEING MOVED?!?!?,Fcy2v6yHhTg
570,SHOCKING: The Boy Who ROLLED Himself To Church!,p2Z4SfUN9mE
571,Violent DEMON Attempts Attack On TB Joshua!!!,cUjdrZ1vqNA
572,PROPHECY: A Beautiful Woman Who Wants To KILL!!!,DL87lLFuJL4
573,TWO Sons Sacrificed In MONEY RITUAL???,wEw_n-AM7P0
574,TWO IN ONE: My Evil Twin NO-ONE Can See!!!,5HkTlEosH88
575,"""My Wife Is POSSESSED By DEMONS!!!"" | SHOCKING Family  Feud",VIY85B8uo2k
576,TERRORIST ATTACKS IN PARIS!!! | TB Joshua Prophecy,rcS6YuwY3bM
577,EXTREME Mental Disorder HEALING!!!,13O-xBkYxc0
578,WATCH HOW GOD RESTORES THIS MAN’S MARRIAGE!!!,R3M3l2R_0eY
579,HIGHLY ANOINTED MASS PRAYER!!! | TB Joshua,G6zIUWgw_mM
580,HOW TO STOP WATCHING PORNOGRAPHY!!!,oEpIZnkjojY
581,VILE!!! What A PROSTITUTE VOMITED In Church!!!,7YfC7o0p58g
582,MUST-WATCH: A Video You Will NEVER Forget!,RbZs-7F4B2w
583,The POWER Of Change!!! | TB Joshua,JFd7WVm1UeI
584,"""We’ve NEVER Met Our Dad..."" | INSPIRING CHARITY!!!",9qsh4GUQ_co
585,Face To Face With LUCIFER!!!,He9H500yGZA
586,Love That Will SHOCK YOU!!!,6VK8nSDz4Xs
587,TOUCHING: Watch This And APPRECIATE LIFE!!!,VvPl7ED7rkM
588,TRIBUTE To Evangelist Bill Subritzky | EMMANUEL TV,bMKI_FVexNI
589,SPECIAL MESSAGE FROM TB JOSHUA!,YNO5KzYooVE
590,ANOINTED PRAYER & PROPHECY FOR 2016! | TB Joshua,NjrAXxXxaso
591,YOU CANNOT WATCH THIS MESSAGE AND REMAIN THE SAME!!!,a8cPzTKYtRo
592,This Video Will Make You CRY!!!,RjFuZqXVbK8
593,INDONESIA TERROR ATTACK | TB Joshua Prophecy,reZ19gudLBg
594,"T.B. JOSHUA in AUSTRALIA - ""Everything Big Starts Little""",aUAuIDBefsM
595,DEMONIC: 99 Year-Old MAN Living Inside 35 Year-Old WOMAN!!!,VVeslWAdwHc
596,Spirit of DEATH and SUICIDE cast out!!,AzlbkjvDPP8
597,"A Message For Business Men & Women - ""Responsible Use Of Blessing""",2eERWqaSUzc
598,"T.B. JOSHUA: ""I CAN SEE YOU BEING RELEASED!!""",_FnHM36_C5c
599,ACTS of LOVE in Ohio USA,UXg2gDITxpk
600,"T.B. JOSHUA: ""Are you OPPRESSED? Be FREE!""",K9WrhK58Mbk
601,HELP in HARD TIMES - Ohio USA,oxf-hxIUl74
602,HOW TO GROW SPIRITUALLY | T.B. Joshua,JHu2daKSGho
603,THE HIDDEN TRUTH | T.B. Joshua Sermon,NED_wVy7JLQ
604,TEN MILLION Naira For BOKO HARAM victims,4CgmaX6JK1M
605,Home Repair | RELIEF for FLOOD victims,ZqftiQpACFI
606,DEPRESSED? WORRIED? SAD? LISTEN TO THIS!!!!,E_CQBBvjihM
607,LET MY PEOPLE GO!!!!! Powerful prayer with TB Joshua!,-k5xcJD7Dgc
608,HOW to HEAL a BROKEN RELATIONSHIP | T.B. Joshua,qaHXhZdeZ2E
609,BE RELEASED FROM THE PAIN OF THE PAST | Life-changing prayer with TB Joshua!!!,NXy_kkj0q8w
610,Satan’s Tactics EXPOSED!!!,4c7PK8y56KA
611,I DECLARE THE SPIRIT NOT OF GOD - WANTED!!!,CkX7nTkRyxQ
612,Demonic SNAKE MANIFESTING in AUSTRALIA!!,pM43XWqvPkc
613,PRAYER FOR HEALING WITH PROPHET TB JOSHUA!!!,Kx0xUaTr_68
614,How To Know A REAL Christian | T.B. JOSHUA,jfeXeCzLpww
615,How DEMONS ATTACK the CHURCH!!!,b38hy4DfFq4
616,HOW TO READ YOUR BIBLE | TB JOSHUA,-nvIy5iUh-Y
617,"PRAYER for HEALING in KIDNEYS, LIVER, BLOOD!!!",mbmGDwF0BBA
618,Happy 10th Birthday Emmanuel TV!,qDhTwaFJB6c
619,PRAYER FOR BREAKTHROUGH WITH T.B. JOSHUA!!,FCMqEYCFz_8
620,"""EVERYTHING"" by L.G Wise - Happy 10th Anniversary Emmanuel TV!!",P1kl5g2bilY
621,NEVER SEEN BEFORE: TB Joshua’s Early Ministry!!!,MzscwAHdpEg
622,EXCLUSIVE INTERVIEW: T.B. Joshua’s Primary School Teacher!!!,jLqylCinzg0
623,DOES GOD HEAR MY PRAYERS? | T.B. Joshua,-17HMJbWH3c
624,PRAYER Against EVIL SPIRITS!!,1-F_WyVuf0g
625,"Man Turns To DOG, Eats Shoe In CHURCH!!!",H5M_E5uCPgA
626,Watch A LADY Turn Into A LION!,Vou_sIoICpk
627,BRUSSELS TERROR ATTACK | TB Joshua Prophecy,Cfi7XtZcAWM
628,TB Joshua's Historic Visit To Tanzania With President John Magufuli!,SqP_XHggKO4
629,DOCUMENTARY: Building The SCOAN!,NV82tqbS8CA
630,EgyptAir Plane HIJACKED! | TB Joshua Prophecy,VobkGh73_3k
631,"BRIDGE COLLAPSE IN KOLKATA, INDIA  | TB Joshua PROPHECY!",hKlmOZCRPKw
632,BRING BACK YOUR DESTINY!!! Inspirational Prayer With TB Joshua,s7WaQI7t1So
633,TB Joshua SPEAKING IN TONGUES!!!,kiEY6mc1uS4
634,I RELEASE YOU!!! | Prayer With TB Joshua,7xzgCCx5CC8
635,The SECRET Behind Meeting God | TB Joshua Sermon,AUGnoudTXfw
636,HEALED Through YouTube!!!,ZW2OAMHUdno
637,RELEASE YOURSELF | Mass Prayer With TB Joshua!!!,7wgp-I6BVHU
638,A REVELATION That Will CHANGE Your Life!!!,PaY_cnupWUg
639,"My Dad Is A WIZARD, Burned Me ALIVE!!!",2jseYtxS6nY
640,Liberia’s Most Dangerous DRUG LORD Turns To Christ!!!,nNq_BEMggZ8
641,"CARE FOR CINCINNATI RESIDENTS, USA",cDF_sqbdZYc
642,"""BE RELEASED FROM THE PAIN OF THE PAST, IN JESUS' NAME!""",f1__oEmSS8k
643,EMMANUEL TV ECUADOR EARTHQUAKE RELIEF,ACRGepB7tw8
644,BELIEVING FIRST AND SEEING | T.B. JOSHUA,4xsXq9-syK0
645,"BE REVIVED, IN THE NAME OF JESUS!",nqyvPPd0M6k
646,REFUSE TO BE OFFENDED | T.B. JOSHUA,WRRuA84GF9s
647,EVERY EVIL SPIRIT MUST OBEY!!,cRqWQX197lY
648,OUR OWN ROLE | T.B. Joshua,NkMFzjaT7BE
649,DEPORTEES RUSH TO T.B. JOSHUA FOR HELP,Y4DgrEcL0rI
650,MATCH YOUR ACTION WITH YOUR WORDS | T.B. JOSHUA,Fy0n7NjicA8
651,MRI Specialist Healed Of STAGE 4 CANCER!,nuTNB_-9-bY
652,KNOWING GOD'S WILL | T.B. Joshua,u5eGbG9-L44
653,A SPECIAL MESSAGE ON MY BIRTHDAY - T.B. JOSHUA,mB7jMhJgSYo
654,T.B. JOSHUA SENDS 20 TONNES OF RELIEF AID TO ECUADOR!!,YsS9UpxRWrI
655,UK TERROR ATTACK!!! | TB Joshua Prophecy,Hp2f_S9tR3c
656,NIGERIAN DEPORTEES RUSH TO THE SCOAN,8xCIbCnHX5k
657,PROPHET T.B. JOSHUA SPEAKS ON THE EU,mW9jBh7_D4E
658,LET GOD TALK TO YOU - T.B. JOSHUA,ovcRSdyX3kY
659,IT IS TIME TO RELEASE  YOU!!,4M18vdyMfP0
660,Emmanuel TV | BEWARE OF FRAUDSTERS!!,UabQEUgto5Q
661,Saudi Arabia Attack Prophecy - TB Joshua,a7B49uAy_Zc
662,ALL SOULS UNDER BONDAGE - RECEIVE FREEDOM!,648uA5RKeOU
663,FORGET THE PAIN OF THE PAST,n0HNPEzyvEU
664,YOU ARE NOT LIKE OTHERS | T.B. JOSHUA,gcC3rZJdJxg
665,France Truck Attack Prophecy - TB Joshua,IEGwwJkFaYs
666,"KOREA CRUSADE WITH T.B. JOSHUA - COMING SOON, JULY 22, 23",GlrUKHln5Y0
667,YOU ARE CREATED TO LEAD!!,xsn8eMbcSl0
668,A HOMELESS MILLIONAIRE!!!,kgMeQJcLAWw
669,Don't Ignore Your Conscience | T.B. Joshua,oFzIBJOTzO8
670,"FIX ME, OH LORD! Mass Prayer With TB Joshua",mGotowbXlf0
671,TB Joshua Prophecy On South African Economy,y8f88LPfrYA
672,Do NOT Try This At Home!!!,F-aU1tPhux0
673,The DOWNFALL Of Lucifer!!!,--NIdlEwO88
674,Watch An ATHEIST Perform A MIRACLE!!!,6d3J8rjeOro
675,Watch An INSTANT MIRACLE!!!,CpUR8BJxLco
676,SHOCKING: Man Living Inside Woman!!!,7MaXKMUXHbs
677,CAN YOU WATCH THIS WITHOUT BEING INSPIRED?,uFtamNfRlVM
678,Kick Satan OUT!!! Fiery Prayer With TB Joshua,GoiazCBX9JM
679,PASTOR By Day; PORN ADDICT By Night!!!,xmPu9i4WH88
680,ITALY EARTHQUAKE PROPHECY | TB Joshua,i9CCcoryV3Q
681,Pastor Caught Using DEMONIC Powers!!,cU2MicSrSfg
682,MUST-WATCH: How To SAVE Your Marriage!!!,Q55rfap_i4s
683,"TB Joshua's Visit To Israel, Bethlehem And Greece!",aava4dlcmp0
684,"""Your GIRLFRIEND Is In Church While Your WIFE Is At Home!!!""",HQHghs3IsF0
685,TB Joshua PRAYS At Paul And Silas' PRISON!,lFZivAmnYLY
686,PROPHECY Reveals HIDDEN SECRET!!!,ZO14IV5tWyw
687,TB Joshua Crusade In PERU!!!,k180Iv_HkBo
688,Meet The Man Who Begs In A WHEELBARROW!,a53jx6L5KeM
689,Armed Robber ARRESTED In Church!!!,VYouhxllU9c
690,NEVER Give Up: A Video That Will INSPIRE You!!!,QjpjYv1NU4k
691,OPEN FLESH CLOSES After PRAYER,-cpsgev2vPc
692,Shameful Secrets EXPOSED!,ZbmOWNHisb0
693,I GOT MY TATTOOS FROM THE SEA!,kWYjDO8AFes
694,WASTED by DRUGS? Watch this!,S_a_66iR5Xs
695,How God HEALED Me Through... YOUTUBE!!!,i1GI8w6VNho
696,INCREDIBLE MIRACLE Even Doctors Confirmed Was IMPOSSIBLE!,AnGAjLcht30
697,EXCLUSIVE: Prophet TB Joshua's ARRIVAL In Peru!,TAWp-wh9KEc
698,MY WIFE TRIED TO KILL ME IN MY DREAM!!!,NqAzaP5OOYY
699,How TB Joshua's Ministry STARTED!!!,CPP764jfuZk
700,Why WOMEN Behave Like MEN!!!,LzZTlDCTT9o
701,"MOTHER Sells Her Innocent Son To Ritualists For $1,000!!!",B3Yf3XkapBU
702,PRAYER For Deliverance From Evil Spirits!!!,ShmUy2t3X_M
703,The Best RELATIONSHIP ADVICE You May Ever Hear!!!,03kp59HZMAI
704,You CURSED Your Own Mother! | TB Joshua PROPHECY,g2g6SF4_tXY
705,"""My Addiction To MASTURBATION!"" | Pastor Confesses",V_CQii-qkvw
706,MALE DEMON Speaks Out Of FEMALE BODY!!,or2bPVfVK14
707,DEMONS Are Real: Little Girl POSSESSED!!!,AuSHWAyqabs
708,STAY AND COPE WITH GOOD AND HARD TIMES! Prayer with T.B. Joshua,uSRV_7MIEIk
709,WATCH GOD Recreate This Decayed Mouth!!!,WpM9sFfIfOU
710,GOD'S POWER UNLEASHED ON YOUTUBE | Pray with Prophet T.B. Joshua,K6D-z2cBf_Q
711,Prophet T.B. Joshua On The USA Elections,2OEyDEgzDSA
712,Need to mature spiritually? WATCH THIS!!!,iy2vbcbdxTs
713,A PRAYER TO RESTORE YOUR RELATIONSHIPS - Pray with Prophet TB Joshua,GVp4A8EIblQ
714,The DEMONS Behind Breast Cancer!!!,CFkKqJF6Zmk
715,'Let God RELEASE You' | This Message Will CHANGE YOUR LIFE!!!,Ls33w69_k-g
716,YOUR FAITH WILL NOT FAIL: Two-Day Revival of Restoration,gq_hSWdD1Eo
717,MAN CAUGHT WITH DRUGS IN CHURCH!!!,p_mtE_nUwMA
718,DOMESTIC ACCIDENT TURNED BAD | Proof that Faith Healing is REAL,STPpo7C97Us
719,"""Son of David"" | Spontaneous WORSHIP with SCOAN CHOIR!!",3CaADw-FEg0
720,EXPOSED: The Spirit Behind Homosexuality!,1LTZRwHWoko
721,PRAYER AGAINST NIGHTMARES with Prophet T.B. Joshua!!!,oWCRmTsi-bA
722,SHOCKING: Lying With A CURSED CORPSE!!!,LfsEPe_J8fU
723,PROPHETIC MESSAGE FOR 2017 | Prophet T.B. Joshua,W6FmlwlnDP8
724,"Before Flying, WATCH THIS PROPHECY!!!",xR2Tqs83kDE
725,Merry Christmas From Bethlehem!,X0Ij0LFSB5w
726,YOUR FAITH WILL NOT FAIL!!! | Prophet TB Joshua,b3tC0tYlco0
727,A NEW BEGINNING - Prayer for 2017 with Prophet T.B. Joshua,PU_YPLKRoF0
728,The Girl Who Cried BLOOD!,atHpe-m4C4I
729,The VISION God Showed Me For 2017 | Prophet TB Joshua,HOcrJhZUHLQ
730,The SECRETS Of My Prayer Life | Prophet TB Joshua,PxNKBmlpyg4
731,"""You Drank BLOOD At A Graveyard"" | SHOCKING PROPHECY!",B-JNINp2s-c
732,DISCONNECT Yourself From Satan! | TB Joshua Prayer,wkdmLdN2XCw
733,This PROPHECY Will Touch Your Heart | TB Joshua,McWeZnraalc
734,Satan Turned Me GAY; Jesus Made Me STRAIGHT!,-KkOKEzDqzA
735,TB Joshua REVEALS Secret Lady Has NEVER Told Anyone!!!,bKIhyeJ5Jhc
736,INCREDIBLE: Wife Forgives Husband's Girlfriend!!!,u5d6rk0CgNM
737,The Most SHOCKING Confession You May EVER Hear!!!,cFPY5evt3qU
738,WICKED! Children Confess To Killing Their MUM Through Witchcraft!!!,2b1jeRe2_K8
739,How To MAINTAIN Whatever God Gives You | TB Joshua,1eIp9v6b31M
740,TB Joshua On His Knees Praying For The WORLD!!!,wVg1VslzQSE
741,WATCH: Demon Comes PHYSICALLY Out Of Witchcraft 'Charm'!!!,-9BZxjXM9OA
742,The Demon Called RAPE!!!,Vr2Sx4K6I4Q
743,Disabled German Lady Gets Healed INSTANTLY!!!,7rMPkTJ37lU
744,Turning Your MISTAKES Into LESSONS | TB Joshua,QQBdT4q_peo
745,Moving Confessions Of A Kenyan PROSTITUTE!,D2sFiQHjMns
746,"""You Are NOT Going To Be The Same Again!"" | PRAYER With TB Joshua!",l1P_YQuRNHg
747,How To DEAL With DEPRESSION!!!,jhOE1mXaESo
748,"""If You Sleep With Me, You Sleep With A SNAKE!!!"" | ALARMING CONFESSION!",IHiz0P5UV-I
749,"REVEALED: ""How PORN Destroyed My Affection For Men!!!""",t44afHqULBU
750,Give Demons A QUIT NOTICE!!! | PRAYER With TB Joshua!,jLd0uH9RuN4
751,JUST WATCH IT... This Sermon Will TRANSFORM Your Life!!!,obGhSHnHtYU
752,How To Offer Prayer That WORKS  | INCREDIBLE Revelation!!!,5CS0p4F-5J8
753,The Day A High-Class PROSTITUTE Came To Church!!!,svwVulhmGCs
754,Is This TB Joshua's MOST ANOINTED Prayer EVER???,mK-p6MVgCu4
755,The Most SHOCKING CONFESSION Ever Heard In CHURCH!!!,bScczbICj2c
756,"TB Joshua PROPHECY: Buhari's Health, Congo Crisis, Southern Africa!",M6KscDV96U4
757,CAN YOU WATCH THIS WITHOUT CRYING???,PJOizofeM9c
758,The Day I Married A DEMON!!!,mxa1WQzx648
759,"""Let Your Story CHANGE!!!"" | Prayer With TB Joshua",VgW2nM99Bkg
760,"Man Turns To SNAKE, Attacks Pastor In CHURCH!!!",74ENNjYAghE
761,Important Message For ALL AFRICANS!!! | T.B. Joshua,rETua5MlZPg
762,This Message Will Genuinely ENCOURAGE YOU!!!,_hKeQEaHIPs
763,ASTONISHING MIRACLE CAUGHT ON CAMERA!!!,C1fSM4faptY
764,This REVELATION Will SOLVE Your PROBLEMS!!!,R3BTIs-4i3A
765,EXPOSED: How MONEY Hinders MIRACLES!!!,Z-1AOCraSSE
766,"""I Thought I Was GOD... And T.B. Joshua Was FAKE!""",Lpac_YOjisc
767,DEMONS Are Real... And They HATE This PRAYER!!!,ox7iJ5KsyLA
768,DRUGS & DEMONS: The Video Every Addict MUST WATCH!!!,BRMniUksbrA
769,The Simple SECRET To Defeat The DEVIL!!!,nN20A1BM-j0
770,How To STOP Smoking INSTANTLY!!!,xATT17tVpUE
771,THE ANOINTING IS IN THE HOUSE! Use Your Faith To Put A DEMAND On It!,J4_dLTZtejg
772,Is Your FAITH Working For You? | T.B. Joshua,7M1n7CV2TWQ
773,INCREDIBLE Demonstration Of God's Power | T.B. Joshua,Z173P4OFKU8
774,LET LOVE LEAD! | Touching Sermon From T.B. Joshua,lPodhArouhI
775,LONDON TERROR ATTACK  2017 | T.B. Joshua Shocking PROPHECY!!!,nxOBOPOepM4
776,EXPOSED: Witchcraft In The Church!!!,Ycgv5S1ige4
777,"""I Want BLOOD!!!"" | 11 Demons Inside Woman CONFESS!",3gnWXhxAcEY
778,The Woman With The Issue Of BLOOD!!!,ipfTQBnr4PU
779,YouTube Celebrates With Emmanuel TV!!!,yneg8yNYTYQ
780,TRY TO WATCH THIS WITHOUT BEING MOVED!!!,e4-zitxIjwQ
781,Demons UNMASKED During Church Service!!!,hzO8JWePy14
782,Believe In God WITHOUT Struggling! | TB Joshua,sV94NCsYdc0
783,Watch This Wound HEAL After PRAYER!!!,m9qVnvNtvMY
784,"EXCLUSIVE! T.B. Joshua In The Holy Land: Jerusalem, Hebron!!!",4srEXQcMQos
785,WATCH DEMONS GO WILD!!!,fUJJkltX9rY
786,"""Why I Sleep With OLD MEN..."" | Confessions Of A Male PROSTITUTE!",B-zzcSy6uwg
787,BOTSWANA EARTHQUAKE PROPHECY | TB Joshua,m9VX4Ecox4o
788,MY ADDICTION: A Life-Changing Testimony!!!,FdrTdCyMBX4
789,DEEPLY EMOTIONAL Video That Will Make You CRY!,CZq2opaISBE
790,LET GO OF YOUR PAST!!! | TB Joshua Sermon,cYLJqQuw2FI
791,NORTH KOREA WAR PROPHECY | Prophet TB Joshua,1Wezegdy1l0
792,Who Is TB Joshua???,qDKwe4UlFJM
793,MASSIVE GAS EXPLOSION AVERTED!!!,afKpSfadNMw
794,Why I'm SCARED To Collect OFFERINGS! | TB JOSHUA,f0j4EUhd1EM
795,"URGE For Men; LUST For Money | ""Demons Pushed Me To PROSTITUTION!""",Z8LsiBRDX0Y
796,"""CONFLICT BETWEEN SUPERPOWER NATIONS"" | TB Joshua Prophecy",9mY3Wf1lG-I
797,The Day A STRIPPER Came To CHURCH!!!,Zo9PL3whHto
798,"""My Haters Provide FREE ADVERTISING!!!"" | TB Joshua",cP_HSf3Bl8M
799,RUSSIAN AIRLINE ACCIDENT PROPHECY | Prophet TB Joshua,EEPQMvTk9s0
800,GERMAN TRAIN ATTACK PROPHECY | Prophet TB Joshua,CuvRkwvNXo0
801,"TB Joshua Speaks On NORTH KOREA, USA & RUSSIA Tensions!",QYS5iErRRO8
802,Why Do Christians Not Feel God's Presence? | TB JOSHUA,3kbVNobELG8
803,This Marriage Reconciliation Will MELT YOUR HEART!!!,w6jvJwiu0JQ
804,JUST BELIEVE!!! | Mass Prayer With TB Joshua,8nLjZa8tPUk
805,SPIRITUAL SEX-CHANGE: 'Male' Inside Female Body!!!,GKgp8g1Jmyc
806,LIFE EXPERIENCE: Her Story Will Shock You!!!,CsoqYRqnMqw
807,TOUCHING: Rebuilding A Collapsed School In Ecuador!!!,2zjKD2g92Jk
808,"""Why People FALL When I Pray For Them..."" | TB JOSHUA",csGcJwiw-pU
809,WATCH WHAT HAPPENS: T.B. Joshua PRAYS For This Lady In A Wheelchair!!!,-fVNY-KXk_4
810,"Confessions Of LUCIFER: ""The Master DECEIVER""!!!",EkSkPEovQWY
811,"""I AM A CHILD OF GOD!!!"" | Prayer With T.B. Joshua",F7AXEtxeGB8
812,"""You See DEAD PEOPLE..."" | TB Joshua Prophecy",lKM93-KwqDw
813,This EMOTIONAL Video Will Touch Your HEART!,IaW2asJN0PE
814,"""You See Demons FACE TO FACE..."" | TB Joshua Prophecy",-gCkNRNYppk
815,This Confession Of A Homosexual Will SHOCK YOU!!!,cLSuYn4eXnc
816,"MIGRANT CRISIS: Tragic Tales Of Torture, Abuse & Starvation!!!",8017-RS5J8c
817,WATCH God Restoring This Hand!!!,oDeTPHF2MSw
818,STOP Opening The Door To Satan!!! | PRAYER With TB JOSHUA,1XPY2943xD8
819,NEVER STOP DOING GOOD!!!,jL9AiS_QwOY
820,IMPOSSIBLE: Baby Turns In Womb As Pastor Prays!!!,Fujz2TGKZeY
821,"""NO MAN CAN SATISFY ME!"" | Prostitute Who Sleeps With 30-40 Men Daily!!!",R9BAdrHIUWw
822,EMMANUEL MACRON VICTORY IN FRENCH ELECTIONS!!! | TB Joshua Prophecy,hQEf8gDuI14
823,You Won't BELIEVE What Demons Pushed This Beautiful Girl To Do!!!,ZPv1qzI9z9U
824,"T.B. Joshua's Visit To The Sea Of Galilee, Israel!!!",K_Lv5JrBH9c
825,"T.B. Joshua Meets Minister Of Tourism, Chief Rabbi Of Israel!",w9XKqAkDYEo
826,This TESTIMONY Will Inspire You!!!,gGC640fQk_Y
827,"SPIRITUAL SLAVERY: ""How My Girlfriend Drank My Urine!!!""",0AdfhDYsrxQ
828,EXCHANGE OIL FOR TECHNOLOGY | TB Joshua,wapdEJfS5_E
829,LITTLE THINGS MEAN A LOT! - Emmanuel TV Charity in Ohio USA,wUrG1j1VqdA
830,The WAY OUT FOR YOU HAS COME!!! | Prayer with Prophet T.B. Joshua,wQKWERmKud4
831,INCREDIBLE!!! Anus Cancer PROTRUDING From Man's Body VANISHES After Prayer!,Pcb7ZtlQCpI
832,Discover the SECRET Of Bringing JESUS ON THE SCENE!,HN_VQEF1_QI
833,The RAW Confession Of A Certified CULT BOY!,QjoTs881MPs
834,The BABY Who Was PROPHESIED Into Existence!,V0vUJwdeSPQ
835,UNSTOPPABLE URINE Meets Its MATCH,KXVFAMRhQYg
836,YOU ARE MADE TO OVERCOME! | Prayer with T.B. Joshua,wbjPpLZijxQ
837,God Cannot Use a Discouraged Servant | FASCINATING SERMON By Prophet T.B. Joshua,84ccsRPCcPk
838,NEW COMPILATION! -  Prophet T.B. Joshua Meets Israeli Dignitaries,DHV0KRHN4uQ
839,MUST SEE!!! Bullet And Screw Come Out Of Man's Flesh!,tfRo-gDpfl0
840,IT'S ALL ABOUT HEART | A Must Hear Message from Prophet T.B. Joshua - South Korea Crusade Day 2,zDt6WRLkHto
841,WATCH: Fractured Body Reconstructed By The POWER OF GOD!!!,kTiTNqnyrWo
842,WOW!!! Husband & Wife Miraculously Healed At The Same Time!,80LjAQTN7TI
843,CARRY HEAVEN ALONG!!! Prayer with Prophet T.B. Joshua,cbPaH_C2K9s
844,LIVING WITH DEPRESSION? See the SOLUTION Here!!!,qMJFtWcA9-M
845,I SOLD MY THINGS FOR DRUGS - T.B. Joshua's Prophecy Goes To The Bitter Root,EQU4Jz402OA
846,"If You Don't Believe In Miracles, WATCH THIS!!!",zcle1xtePU8
847,IF YOU HAVE A DREAM... - Happy Birthday Prophet T.B. Joshua,3akYB7lHLvg
848,"""...JESUS TOOK CARE OF THE BREADTH OF MY SUCCESS"" - Happy Birthday Prophet T.B. Joshua",bjs_i2wopFs
849,BEFORE YOU SMOKE YOUR NEXT BLUNT WATCH THIS!!!,JBzKQY8Fcqo
850,GIRL BORN DEAF HEARS FOR THE FIRST TIME!,HPpAUjI9lJI
851,KICK THE DEVIL OUT OF YOUR LIFE!!! | Prayer With T.B. Joshua,nEKC6ELoL2E
852,A SELF-HARM Story That Will MOVE YOU!!!,Du6czv7C_uM
853,"""I LOVE MY WIFE AGAIN!"" | How To RESTORE Your Marriage!",PosS51Taje0
854,GOD'S WORD IS SPIRIT | Enlightening Message from T.B. Joshua,9A4SuWQ3cTw
855,"""I Can Seduce ANY Man!"" | PROFESSIONAL PROSTITUTE",MGOyjeW4nzI
856,RAW CHARITY: T.B. Joshua As You Have NEVER Seen Him!!!,V4lftwj89rQ
857,Identifying A REAL Christian!!! | TB Joshua SERMON,jOOCLTAR_5g
858,SHOCKING: Did This Man Kill His Own Children???,8MwrcRm8bvE
859,INCREDIBLE: How To Pray Against DEMONS!!!,G-g9m-Qf0RY
860,How To Effectively MEDITATE! | TB Joshua SERMON,-jInPq05XaY
861,"If You Don't BELIEVE In God, WATCH THIS!!!",pl-Pag3wVuY
862,FATHER MEETS SON FOR FIRST TIME IN 21 YEARS!!!,HZxIpJapNKE
863,ANGELS ARE ON THEIR WAY TO YOU!!! | TB Joshua Prayer,SkJXSvW1sT0
864,SEE WHAT HAPPENS: T.B. Joshua Prays For A BLIND MAN!!!,6C-EMHjVPiI
865,Olympic Runner Delivered From DEMONS!!!,Lzu2XczbOVA
866,From DIVORCE To RECONCILIATION!!!,SAASjsI3qdE
867,SHOCKING: Forced Into Prostitution Aged 13!!!,S9AVOBUxqH4
868,This MIRACLE TESTIMONY Will Make You SMILE!!!,A4WtJcb9szI
869,Woman Vomits LIVE INSECT In Church!!!,vIZz-L9iunM
870,Will T.B. Joshua SEPARATE Husband And Wife???,-GoiVM4w1kU
871,PRESS IN To Touch Jesus!!! | TB Joshua,Vnl4hD5QnKk
872,"""My Wife Bites Me!!!"" | MARRIAGE FROM HELL!",IelFgCUZIwc
873,DEDICATED TO DEMONS | Truth Behind REINCARNATION Revealed!!!,MWVbGsRU7c0
874,IS T.B. JOSHUA THE ANTI-CHRIST???,GZSPUrNnnyw
875,CAN YOU WATCH THIS MESSAGE WITHOUT CHANGING???,h0abwpUX1Kk
876,POWERFUL HEALING PRAYER!!! | TB Joshua,OktYGnN26BU
877,MUSLIM Receives MIRACLE In CHURCH!!!,iX1hv4l7JJI
878,This TESTIMONY Will Make You LAUGH!!!,4JmCSa_YHPE
879,"""You Look For Men For Sex..."" | FLIRTING Demon EXPOSED!!!",bmRLctzmzaI
880,TOUCHING MARRIAGE RECONCILIATION!!!,IIQa2221Lv8
881,"""THE SECRET OF MY MONEY"" | TB Joshua Reveals ALL!!!",AKMHRnmmh0Q
882,Don't Destroy Relationships BEYOND Repair!!! | TB Joshua,I0VI3DdHFHU
883,SEND SICKNESS OUT!!! | Prayer With TB Joshua,Ih6Hh3vq3js
884,"EXCLUSIVE: T.B. Joshua Arrives In Paraguay, Awarded National Honour!!!",KP4pn677I1E
885,REMOVE THE DEVIL'S HAND & BEGIN TO SHINE!!! | Prayer With TB Joshua,WafaIasfyq8
886,"""I Slept With The DOG..."" | BESTIALITY EXPOSED!",EXxXOAnaQlk
887,SOMEONE IS BUSY CHANGING YOUR HISTORY!!! | Mass Prayer With TB Joshua,oalXzxkangI
888,The ONLY BOOK That Reads You As You Read It! | TB JOSHUA Sermon,i63udQzP8Os
889,A FIERY MIRACLE!!!,CoZxycN93-Y
890,SHOCKING: How Demons Operate In Young People!!!,Mr8XQDOXcUs
891,THIS VIDEO COULD SAVE YOUR MARRIAGE!!!,n1CwqNMHEos
892,MUSLIM COUPLE RESCUED BY JESUS!!!,K82hMndlLZo
893,MUST-WATCH LESSON: The Value Of A Virtuous Woman!!!,_nQgq5uzc-0
894,EXPOSED: Lucifer’s 'Secret Plans' To Shame T.B. Joshua!!!,vhp4IzXSXu4
895,How To Stop MASTURBATING!!!,o9wbVIX6k1k
896,TB Joshua Speaks On KENYA ELECTIONS!!!,D6Vp4N6kx3A
897,BLOOD SACRIFICE & RITUAL SEX: The Dark Road To 'Political Power'!!!,xQ8gTs1SkeE
898,FAITH IS PRACTICAL!!! | TB Joshua Sermon,6WVTmwMNwYk
899,HEARTBREAKING: This Testimony Will Make You Cry!,fX10tHS9RMQ
900,HIV/AIDS HEALING: Positive To Negative After PRAYER!!!,tFgGDvmH9zI
901,WITCHCRAFT: Lady Vomits COCKROACH In Church!!!,bC5yLSksvDU
902,This TOUCHING TESTIMONY Will Leave You In TEARS!!!,gdespr6U7nI
903,"BOY CAUGHT IN CHURCH WITH ""DEMONIC SCORPIONS""!!!",nxQiAu-8UOI
904,What Will You Be REMEMBERED For? | TB Joshua Sermon,n1sNZCeSA5I
905,BIND THE SPIRITS OF TRADITION!!! | TB Joshua Mass Prayer,Ay7eakHlEeg
906,Fixing A BROKEN Marriage!!! | TB Joshua Prophecy,D2-Qepm-QDI
907,"SHOCKING CONFESSION: Dark Secrets Of A London ""Bad Boy""!!!",2s_dsLReo48
908,IMPOSSIBLE: Unborn Baby Healed Of DOWN SYNDROME!!!,FkE-XhoEk_Y
909,DELIVERANCE Of A Boxing Drug Addict!!!,s5otTcEtpkk
910,"""You Are Sleeping With OLD WOMEN..."" | SHOCKING PROPHECY!!!",vUMlSSGORW4
911,Is This Beautiful Little Girl A WITCH???,NJi8KPXDeDM
912,"MASTURBATION, PORNOGRAPHY & LESBIANISM Exposed!!!",9MSMuykqCfs
913,FUNNY: Little Children With TB Joshua!!!,rP0bsjD929g
914,Can You Watch This MIRACLE Without Being MOVED???,e5UOurE0nsc
915,Marine Demon EXPOSED!!!,jf1bCYR3d0I
916,EXPOSED: The DEVIL Behind SEXUAL ABUSE!!!,KYn2lgWm5aE
917,The BEST Way To Quit SMOKING!!! | Changing Lives (Episode 1),xQ8PEZlYuPI
918,SUPERNATURAL HEALING Caught On Camera!!!,NkvDZyWmN2g
919,I CAN SEE YOU WALKING IN LIBERTY!!! | TB Joshua Mass Prayer,gTjeeMwfGds
920,"SATAN, REMOVE YOUR HAND!!! | TB Joshua Prayer For Viewers",tmhkW6aTcv8
921,How MUCH You Need God!!! | TB Joshua Sermon,6tHYVpPerhA
922,"""STOP Deceiving People About T.B. Joshua!!!"" | Changing Lives (EPISODE 2)",ubtOLEn-C1E
923,SUBMIT YOUR PRAYER REQUEST HERE!!! | TB Joshua Prayer,4CsP3nmfvgk
924,THIS SERMON WILL CHANGE THE WAY YOU PRAY!!!,MyDMMBq6wNc
925,NATURAL DISASTER IN AFRICA | TB Joshua Prophecy,DfdprNkAFHk
926,"""I HATED My Husband Until..."" | Changing Lives (EPISODE 3)",wxzepu6fWeY
927,ANOINTING IS IN THE HOUSE!!! | TB Joshua Mass Prayer,ufbMIRx5AHc
928,These Words Will CHANGE Your Life...,Dvr980bqmQI
929,POWERFUL PRAYER WITH PROPHET TB JOSHUA!!!,XsFCqqukIsI
930,DEMON Threatens To KILL EVERYONE In Church!!!,Tb32wJTFOLQ
931,Can Skeptics Explain THIS MIRACLE???,HU6YosZyRkQ
932,TB JOSHUA CRUSADE IN DOMINICAN REPUBLIC!!! | Nov 2017,GIJVUSbwOo4
933,REVEALED: The DEMONS Behind DIVORCE!!!,0VaX5KJabmE
934,SEE WHAT BROUGHT THIS HARDENED MAN TO TEARS!!!,HLAVgxOWFJM
935,TB JOSHUA WARNS DEMONS!!! | Prayer For Viewers,4xo48ra1jl8
936,GEORGE WEAH Visits TB JOSHUA!,a0IDoOH34fw
937,WALKING From The WHEELCHAIR!!! | (Changing Lives - EPISODE 4),zK-oUR3CH0c
938,HEARTBREAKING: This Video Will SHOCK You!!!,CzcfND5hsxM
939,CRAZY CONFESSIONS OF A PROFESSIONAL FRAUDSTER!!!,99hJjKeRiJw
940,GIVE THE DEVIL A RED CARD!!! | TB Joshua Prayer For Viewers,YINXvtuU75A
941,How To PREPARE For PRAYER! | TB Joshua,JYkfrcPHwfo
942,LIFE-CHANGING TESTIMONY OF A STATE GOVERNOR!!!,ngYCJUt3jC0
943,WATCH THIS MIND-BLOWING MIRACLE!!!,fCjmQkbkgJk
944,THIS SAD STORY WILL MOVE YOU TO TEARS!!!,0DFJLNd3Ok0
945,"""I CAN SENSE THE PRESENCE OF GOD!!!"" | TB Joshua Prayer",Icf183dwEas
946,HOW TO OVERCOME SUICIDAL THOUGHTS!!!,8QIHdC5SPqU
947,HOW TO CHANGE A CHAIN-SMOKER!!!,EwSr-9T1zEY
948,SHOCKING: Beautiful Socialite Reduced To 'Sex Addict'!!!,PbZ2YeD2eOc
949,SPIRIT OF DOG EXPOSED!!!,N9rr-3-3rsY
950,INCREDIBLE: Beautiful Biological Sisters Meet For FIRST TIME!!!,CFcbfiZRBXo
951,TB JOSHUA SPEAKS IN TONGUES DURING VIEWERS PRAYER!!!,KBLv_rEfzt4
952,OVERCOMING SEXUAL IMMORALITY!!! (Changing Lives - EPISODE 5),HlY8yGMhhMA
953,TB JOSHUA PROPHECY ON ZIMBABWE MILITARY COUP!,FHuHOqcXcq0
954,PASTORS PRAYER ‘KNOCKS DOWN’ YOUNG LADY!!!,ocGNHfFQEas
955,This Video Will TOUCH Your Heart!!!,_ATrDgX7evU
956,Can You GENUINELY Accept Jesus Without DELIVERANCE???,Z7Htg4AOwEI
957,"""I SOLD MY SOUL TO THE DEVIL!!!"" | Startling Confession!",oVH7FT6NXQ8
958,SEDUCTION: How DEMONS Attracted ‘BIG MEN’ To Me!,REjyXPX9Eh8
959,"EXCLUSIVE: T.B. Joshua Arrives In Dominican Republic, Meets President!",RoTBxy_CO1Y
960,SOLD INTO SEXUAL SLAVERY!!!,b0w5iKKYdkU
961,LET THE WILL OF GOD BE DONE!!! | TB Joshua Viewers Prayer,vL_5rvPsXfw
962,THE BEAUTY OF LIFE!!! | Inspiring Sermon | TB Joshua,KZvkHoj3IPg
963,SUPERNATURAL: Man Named 'Never Die' Survives Bullet In Brain!!!,upmGK1algtg
964,WATCH WHAT HAPPENS TO THIS MAN'S FACE...,AENSFNu0tLs
965,MAKE IT HAPPEN!!! | TB Joshua Prayer For Viewers,gAf2jkdQZS0
966,DEMON VOMITS NEEDLES LIVE IN CHURCH!!!,QgytjIMlK0A
967,SEE WHAT HAPPENS: TB Joshua Prays For Man With PERMANENT ERECTION!!!,AA0gf0qpKrs
968,HOW TO PREPARE FOR THE NEW YEAR 2018 | TB Joshua,u3D8huqqGMU
969,CAN YOU WATCH WITHOUT BEING MOVED?,RryHLOkgQo8
970,"""My Own 'Son' Doesn't Look Like Me!!!"" | ADULTERY or DECEPTION???",CU2PZoADMB0
971,CONFESSIONS OF A BISEXUAL DEMON!!!,dll7S1c_COM
972,PRAYER FOR 2018 | TB Joshua,5pCGWheQtZY
973,PITIFUL: Elderly Mother Finds Daughter Drinking Rat Poison!!!,QBeXNCtrad0
974,PROPHETIC MESSAGE FOR 2018 | TB Joshua,zPCzmBBzvjc
975,NORTH & SOUTH KOREA RECONCILIATION | TB Joshua Prophecy,0ZGvP3Q2atk
976,SUPERNATURAL: Angel Caught On Camera!!!,iVrFKtu_3mM
977,TRANSVESTITE TRANSFORMED!!!,aeX2966Im6g
978,WHERE IS YOUR FAITH??? | TB Joshua Sermon,KXN5mB-sHtg
979,ANOINTED TIME OF PRAYER!!! | Prophet TB Joshua,tX-Iut7JhMY
980,MEET A BEAUTIFUL MIRACLE BABY!!!,wQ_cuBb5Q18
981,REVEALED: How TB Joshua Inspired 'Boxing Grannies'!!! (Changing Lives - EPISODE 6),-W9V_AsqkYk
982,WITNESS A BONE-CHILLING MIRACLE!!!,fwha2p2KzR8
983,NEW MORNING WATER: Special Meetings In EUROPE!!!,lStaV5tGKoQ
984,OUR CONQUERING POWER | TB Joshua Sermon,CjEY0PhHPOk
985,SOUTHERN AFRICA DROUGHTS FORETOLD | Prophet TB Joshua,sLx-v05sDUE
986,NEW MORNING WATER Received by Emmanuel TV Partners In UK!!!,8IeL6LdrttE
987,I WILL ATTEND TO YOUR WORD OH LORD!!! - Prayer With TB Joshua,moGvNl4Oau8
988,HOW MUCH DO YOU LOVE JESUS? | TB Joshua Sermon,4KPqApiv8qI
989,HERE ARE GOD'S PROMISES!!! | Prayer For Viewers With TB Joshua,6a9x9zNuBlw
990,"Goodbye, World! From God’s General C.S. Upthegrove – 90 Years",fQs9eJMa5CU
991,HOW TO KNOW YOU HAVE FAITH!!! |  TB Joshua,E7Y37dwKeRs
992,"SEE WHY TB JOSHUA SAYS THIS BEAUTIFUL GIRL ""LOOKS UGLY""!!!",wX0EI79g3TI
993,DECLARE GOD'S FAITHFULNESS!!! | TB Joshua Viewers Prayer,qP3qf4EmVII
994,"HIGHLIGHTS: New Morning Water Event In Birmingham, UK!!!",WbTCadnkWrY
995,HOW TO HONOUR JESUS! | TB Joshua Sermon,zS2RHcX04V4
996,WHAT MAKES A MARRIAGE LAST??? | TB Joshua,JQkWYWPOb6c
997,Demons Tremble At The Power Of PRAYER!!!,FVf_PYEZEtY
998,How Demons DISGRACED This Beautiful Girl!!!,efbZVpv85hQ
999,A CURE FOR THE INCURABLE: Dealing With The Demon Of HIV/AIDS!!!,6cNgE5I8Xt4
1000,HOW TO ATTRACT GOD'S BLESSINGS!!! | TB Joshua Sermon,NEkhPPfDPxo
1001,FORGIVE AND FORGET THE PAST!!! | Practical Example | TB Joshua,eTXlHImWk-U
1002,SHOCKING: What Happened After I Slept With A Prostitute!!!,vWem7C-Fdl0
1003,YOU ARE RELEASED!!! | TB Joshua Prayer For Viewers,U4QWze04p0k
1004,HOW TO HANDLE OFFENCE! | TB Joshua Sermon,rGE7D6XVrlc
1005,INCREDIBLE MIRACLE TESTIMONY!!!,Zj8MqSXw2Yo
1006,TB JOSHUA: Pray For South African Leaders!!!,XvUwC4VrWpM
1007,SHOCKING: Slavery Victim In Libya Speaks Out!!!,xFljVH00jiU
1008,ANNOUNCEMENT: Paris New Morning Water Event - 24th February 2018,EwtJ5OkdOwE
1009,BLACK MAGIC: 'Sangoma' Reveals Satan's Best Kept Secrets!!!,SRcloSZ2mbw
1010,SUPERNATURAL: Woman 'Gives Birth' To Worm!!!,3Mjh1ZkNNrQ
1011,I CAN SENSE GOD'S RELEASE!!! | TB Joshua Prayer For Viewers,DXRBoewE3x4
1012,SILENCE Is The Best Answer For Your Enemies!!! | TB Joshua SERMON,0uBS67M96d0
1013,Billy Graham Promoted To Glory At 99,EQ07nj0OBN4
1014,REBUKE THAT NIGHTMARE!!! | TB Joshua Prayer For Viewers,lQFbGqN8NuE
1015,HOW CAN THE KETTLE BLAME THE POT??? | TB Joshua Sermon,2qglCDGerac
1016,SEX AND STEALING: Confessions Of An Ex-Prostitute!!!,OcgKB1l1xPc
1017,SILENCE THE VOICE OF SICKNESS!!! | TB Joshua Mass Prayer,NKiJDLdYJTg
1018,YOUNG LADY ADDICTED TO EATING STONES AND SOIL!!!,W8f4zfNCfUY
1019,BREAK DEMONIC DOMINION!!! | TB Joshua Viewers Prayer,4TkWnCJFcp4
1020,STOP RELIVING THE PAST!!! | TB Joshua Sermon,opm66Dbq5pQ
1021,PROPHET EXPOSES LADY’S SECRET PLAN TO DUMP HER HUSBAND!,IH4lWRI6GC4
1022,"""ANGEL"" SPOTTED IN REAL LIFE!!!",90mLGldAlO8
1023,Fractured Leg Starts VISIBLY SHAKING During PRAYER!!!,EaHITvymIU4
1024,BLOODY MIRACLE CAUGHT ON CAMERA!!!,ktqsuhs43BE
1025,"IS TB JOSHUA A ""FAKE PASTOR""???",kMDfX8g83ZQ
1026,"""My Wife Is One Of My Victims!!!"" | CHILLING WITCHDOCTOR EXPOSÉ",QQWe6QMe7_Q
1027,NO HIDING PLACE FOR AFFLICTION!!! | TB Joshua Prayer For Viewers,DZg0lLdTeqM
1028,CHRISTIANITY Is Not CEREMONY! | TB Joshua Sermon,EED1DnkvRJ8
1029,CONFESSIONS OF A TEENAGE PROSTITUTE IN USA!!!,ToZBXMriH9w
1030,SHOCKING: Woman Living Inside Man!!!,2wvaziZHlBs
1031,The YOUNG MAN Who Likes OLD WOMEN!!!,qiNmXJ3ocZ0
1032,If You Need Some Inspiration... WATCH THIS!!!,odrZwnXiliI
1033,LET GO OF BAD FEELINGS TOWARDS ANYONE!!! | TB Joshua Prayer,MpLNLhnHzck
1034,BE PATIENT FOR THE FUTURE | TB Joshua Sermon,19Yis36KW7I
1035,RECEIVE A FREE HEART!!! | Mass Prayer With TB Joshua,aA5SvdNUv94
1036,EVERYONE WHO WATCHED THIS TESTIMONY CRIED!!!,zSs49hDU1_s
1037,RECEIVE CLEARANCE!!! | Prayer For Viewers With TB Joshua,-4gU2aCaC6I
1038,OUR PURPOSE IN LIFE!!! | TB Joshua Sermon,SFFAHdiOHa0
1039,"TB JOSHUA: ""In a World That Cares LESS, We Should Care MORE!!!""",o5EgnG_zOZM
1040,RETIRED PRIEST SHARES SHOCKING TESTIMONY!!!,NVlvEUckZ_k
1041,POWER OF RESURRECTION!!! | Prayer For Viewers - TB Joshua,b5Ft_HArUMk
1042,SECRETS Of GENUINE SUCCESS!!! | TB Joshua SERMON,uzbTeI4CILU
1043,A MIND-BLOWING BABY MIRACLE!!!,IFFcofNcEDU
1044,BE RESTORED!!! | Powerful Mass Prayer With TB Joshua,Sp7-gq8vBlU
1045,TB Joshua Addresses 'Lesbian Partners' In Church!!!,UAIh60Ut5KI
1046,Three HABITS That Will CHANGE Your LIFE!!! | TB Joshua (Peru Crusade),jTy44mPeJno
1047,I CAN SEE YOU BEING HEALED!!! | TB Joshua Prayer For Viewers,3qsqka5cz2Q
1048,This TESTIMONY Will MOVE Even The HARDEST Of HEARTS!!!,el_iBHhvzCk
1049,The Most ANOINTED PRAYER You May Ever Watch!!!,qYI4oHYSADQ
1050,HEALING In The RAIN!!!,mwo7RcUwt6o
1051,DEMON-POSSESSED MAN SPITS LIKE SNAKE!!!,3p2-DX1ebAM
1052,I RELEASE YOUR SPIRIT!!! | TB Joshua Viewers Prayer,dryypYs-pbY
1053,THE DAY TB JOSHUA TOOK ALCOHOL FROM A PROSTITUTE!!!,fXgzCUCuzJw
1054,BE DELIVERED FROM REPROACH AND SHAME!!! | TB Joshua Prayer,JQRsvmmAiS4
1055,HERE I AM!!! | TB Joshua Short Sermon,ZHrIwXN-GyA
1056,A More Glorious Answer To Your Prayer | TB Joshua Sermon,8D-9XBDhtd8
1057,IN YOUR FAITH I HAVE COME!!! | Prayer with T.B. Joshua,TLOnrJOCeTI
1058,Faith About Eternity | TB Joshua Sermon,gdRBCdWdCeQ
1059,WATCH TB JOSHUA CAST OUT A DEADLY DEMON!!!,D5HE9EGFOtc
1060,POWERFUL PRAYER FOR FORGIVENESS WITH TB JOSHUA!!!,j0kvWrtEvfQ
1061,SUPERNATURAL: Man Vomits 'Demonic Meat' In Church!!!,teYEZB09uz0
1062,This TESTIMONY Proves There Is NO ONE God Cannot CHANGE!!!,b8zhBQbQC1w
1063,HILARIOUS: Witchdoctor Exposes Himself On LIVE TV!!!,kuq5OJzNG74
1064,BE DELIVERED THROUGH THIS PRAYER!!! | TB Joshua,_tm9ERijVbk
1065,This Is A Sermon EVERYONE Must Watch!!!,VeuzPs10M0Q
1066,"""You CANNOT Be Satisfied..."" | CHRONIC ADDICTION To MASTURBATION!!!",LZW0xe6Cil4
1067,WORLD BATTLES PROPHECY | Prophet TB Joshua,6SbMew5nRr0
1068,PROPHECY FOR ISRAEL AND IRAN | Prophet TB Joshua,Bw7tdM9NuFw
1069,HOMELESS MAN Gets The Most BEAUTIFUL SURPRISE Of His Life!!!,ONdMrakVKP4
1070,This AMAZING TESTIMONY Got The Whole Church On Its Feet!!!,u4Px-VHYSpg
1071,RESTORE MY SIGHT LORD!!! | Prayer For Viewers With TB Joshua,jHwpvSUkCdU
1072,The DANGERS Of DESPERATION | TB Joshua,XWzk--Vs4gA
1073,Ethiopia's ONLY Female Coffee Producer Shares WONDERFUL TESTIMONY!,ueUblcLJ4tE
1074,TAKE YOUR DOMINION IN CHRIST JESUS!!! | Mass Prayer With TB Joshua,CHgH0vw78lQ
1075,TB Joshua Had Not Even Started To Pray When THIS HAPPENED!!!,ImDBD7Ln9EI
1076,REBUKE EVERY EVIL SPIRIT!!! | TB Joshua Viewers Prayer,D526BkcMAyQ
1077,A WALKING MIRACLE!!!,G5gJmgTj2fw
1078,WATCH HOW TB JOSHUA RECEIVES HIS OWN MIRACLE!!!,olivp579fB4
1079,The Lady Who Eats Biscuits Dipped In KEROSENE!!!,yzDz0BkDa5w
1080,WITNESS A DEATH-DEFYING MIRACLE!!!,UAxxzSEHiZs
1081,LEAVE IT FOR GOD!!! | Powerful Mass Prayer With TB Joshua,pA3Q73xKPms
1082,"""I Drank SIX BOTTLES Of CODEINE Daily!!!"" | Overcoming Drug Addiction",SgIEJlhQRUw
1083,LIVE Sunday Service At The SCOAN With T.B. Joshua (27/05/18),Z1WKdhl-M_Y
1084,LET THERE BE LIGHT!!! | TB Joshua Prayer For Viewers,oVJvzzo2jK0
1085,Man CRIES OUT In Church That He Wants To MARRY... And THIS HAPPENS!!!,xAi3NbHxjIs
1086,REJOICE With Those Who REJOICE | TB Joshua,dmSPzdFq3rU
1087,HOW TO MAINTAIN YOUR MIRACLE | TB Joshua,1uHpw3ehyT0
1088,"MEET THE ""PRINCESS OF SATAN""!!!",KwkuVFh9THg
1089,LIVE Sunday Service At The SCOAN With T.B. Joshua (03/06/18),VvkSqsrWowg
1090,WALK OUT OF DISEASE!!! | TB Joshua Viewers Prayer,pBeVtu-QC0k
1091,FAITH IS NOT A FEELING!!! | TB Joshua Sermon,u5vaIyoVjOA
1092,SAY NO TO SICKNESS!!! | Mass Prayer With TB Joshua,L47P6GFsMAw
1093,The Day LUCIFER Came To Church...,KRipxvcGIh0
1094,Husband Catches Wife Cheating RED-HANDED - Then THIS HAPPENS...,2xLJVvoq3Z8
1095,RECEIVE HEALING IN JESUS' NAME!!! | TB Joshua Prayer For Viewers,9k_UjLhRZaw
1096,REVEALED: T.B. Joshua's HUMBLE Beginnings!!!,KqjtaZCr41s
1097,TB Joshua Prophecy EXPOSES Hidden Life Of Homosexual Husband!,rmKxHUHL1n0
1098,Young TB Joshua Preaching When NO ONE Knew Him!!!,g_MiWcAWWgM
1099,THOSE IN DARKNESS - COME OUT!!! | TB Joshua Prayer For Viewers,1-0JCyhOdDU
1100,CHRIST AND THE WORD ARE ONE! | TB Joshua Sermon,eW5I_CBNxMI
1101,"SOLD INTO PROSTITUTION, MARRIED TO A DEMON!!!",5ULhAp96AzA
1102,HEARING AID REMOVED After DEAFNESS DEFEATED!!!,R68E_3cOisA
1103,THE BEADS I USED TO SEDUCE POLITICIANS - SATANIC PROSTITUTE EXPOSED!!!,OvWfxh32cjc
1104,Transforming America’s Youth | Emmanuel TV Team USA,MTpPldLyE14
1105,CHALLENGE YOUR SITUATION FOR FREEDOM!!! - TB Joshua Prayer For Viewers,O3NVRDgalHE
1106,YOUR HEART MUST BE AT ITS BEST | TB Joshua Sermon,2cIX8ZXKcJw
1107,SEVEN SECRET DANCE MOVES FROM HELL!!!,TlAsQETK0L8
1108,"""I SMOKED WEED, DID ECSTASY & COKE EVERY SINGLE DAY."" - SEE HOW SHE QUIT!",0l5hPoFXqJU
1109,HOW SPIRITUAL HUSBANDS DESTROY MARRIAGES!!! (Changing Lives - EPISODE 7),WgNNREAKRws
1110,"HOLY SPIRIT, RAIN ON US!!! | TB Joshua Prayer For Viewers",hAYuo7LfOgg
1111,PROPHECY & PRAYER FOR NIGERIA!!! | Prophet T.B. Joshua,zk9U0lRMSqk
1112,How To Make The Bible COME ALIVE!!! | TB Joshua SERMON,R7WSwvLCZnY
1113,"""I AM THE DEVIL!!!"" | Ex-Footballer Exposes Dark Secrets",SH-ardJkq1s
1114,POWER OF GOD VISIBLY DESCENDS IN CHURCH!!!,YIDRFq1_UDI
1115,"""I Am The QUEEN Of The Universe!!!"" | DEMONIC SECRETS EXPOSED",o3A0oZjdZTI
1116,PYTHON SPIRIT POSSESSES HUMAN BEING!!!,Ism3cHpDrWY
1117,HOW WE USE WITCHCRAFT TO STEAL!!! | Armed Robber Confession,K-yG5CXt53U
1118,CONFESS YOUR VICTORY!!! | TB Joshua Prayer For Viewers,Meq-x8OsgNY
1119,MAKING GOD'S WORD A REALITY IN YOUR LIFE! | TB Joshua Sermon,Xg_HGAKtsHM
1120,THAILAND FOOTBALL TEAM CAVE RESCUE!!! | TB Joshua Prayer,4Y02a1gWzXs
1121,HOW A STRANGE MAN WOULD SLEEP WITH ME AND TAKE MY MONEY!!!,GQQ1YIZ0vRA
1122,SEE WHAT CHANGED MY DRUNK CHEATING HUSBAND!!!,emEpxZTDdIE
1123,The Great Downfall Of An Idol - POWERFUL DELIVERANCE!!!,yWTy4VbhPH4
1124,RECEIVE FROM JESUS' HEALING HAND!!! | TB Joshua Viewers Prayer,H9MXPK_F-9U
1125,God's Love NEVER Fails!!! | Life-Changing Sermon By T.B. Joshua,wRkZlpoPQqs
1126,THIS PRAYER WILL SET YOU ASIDE FOR GOD'S SPECIAL ATTENTION!,tvBrzC-JhGk
1127,The Day An 'ANCIENT DRAGON' Came To Church!!!,CFcWWnNzkac
1128,PASTOR POSSESSED BY DEAD BODY SHE PRAYED FOR!!!,XRnldXv4gqM
1129,PERMANENT ERECTION VISIBLY REDUCES AFTER PRAYER!!!,kl5Zbl6Judo
1130,EX-LESBIAN SHOCKS CHURCH WITH REVEALING CONFESSION!!!,jVOUKUm-mZY
1131,BE POSITIONED FOR HEALING!!! | TB Joshua Viewers Prayer,Kir1xZEsA60
1132,TB Joshua Reveals The SECRET Of True Believers!!!,k3bWDagLi3Y
1133,TB Joshua: BEHIND THE SCENES!!!,IUUv8juPiUA
1134,How To Enjoy PEACE OF HEART!!! | TB Joshua,krlly_3bgUg
1135,This INCREDIBLE TESTIMONY Will Touch Your Heart!!!,R28-cW5N8tg
1136,Young Girl FORCED To Sleep With 30 Men! EVERY... SINGLE... DAY...!!!,oqx6mKn7TP4
1137,IT IS OVER!!! | TB Joshua Viewers Prayer,w1j3VrHI11c
1138,How To REPAIR Relationships!!! | TB Joshua SERMON,UhEWCEhJf_U
1139,"JESUS SAYS ""IT IS OVER!!!"" | Powerful Prayer With TB Joshua",2lBgbBD8fvU
1140,"""Be Ready For BATTLE..."" | TB JOSHUA PROPHECY",FVTQ7i1i8Tc
1141,The MOST EXTRAORDINARY CONFESSION You May EVER Hear!!!,dXns5W2nKmE
1142,"""HELP! My Wife BEATS Me Up!"" | HILARIOUS RECONCILIATION!!!",cEffzczq0B0
1143,This Video Proves There Is NO MARRIAGE God Cannot RESTORE!!!,wKbMZcWa8rw
1144,Did This Lady Actually KILL Her Own Husband???,_hdC-xMLy7A
1145,WALK IN THE SPIRIT!!! | TB Joshua Viewers Prayer,-1Q-WiEpasY
1146,TB JOSHUA STUNS CHURCH WITH SHOCKING REVELATION!!!,8du4t5Ed4Vo
1147,KENYAN POLITICIAN EXPOSES DIRTY SECRETS!!!,Dx3OwXZu_Kw
1148,CHALLENGE THAT EVIL SPIRIT!!! | Mass Prayer With TB Joshua,2KaX78o1r0I
1149,YOUNG MARRIAGE RESCUED FROM DIVORCE!!!,7FrdeK88l7c
1150,"""You Used HONEY To Rub Your..."" | SHOCKING PROPHECY!!!",xXiEHjiMpP4
1151,BE RECOVERED!!! | TB Joshua Viewers Prayer,7Vg-vBdznVA
1152,TB Joshua Stuns Church AGAIN With Shocking Message!!!,kZ0PNT4jxVg
1153,LEAVE MY LIFE!!! | TB Joshua Powerful Viewers Prayer,ATOUtSQ_oEY
1154,"TB Joshua Reveals ""THE REAL THING!!!""",IZcnRzO2AGc
1155,How Else Can You Explain This Miracle But GOD???,8R-2jOIXC0I
1156,HEAR THE VOICE OF AFFLICTION NO MORE!!! | TB Joshua Viewers Prayer,cmu7PBJNxEI
1157,IT SHALL BE PERMANENT!!! | Mass Prayer With TB Joshua,fCI7RYUxx6U
1158,TB Joshua: Revelation About THE HOLY SPIRIT!!!,9MSStw7iEBw
1159,"""I HATED T.B. JOSHUA SO MUCH...""",DCGon5R07zM
1160,HEARTBREAKING: Beautiful Model Deceived Into Prostitution!!!,P1H8eFgBa5Y
1161,"""I Was Dedicated To SATAN..."" | BRAZILIAN WITCHCRAFT EXPOSED!!!",JBlIimA8CUY
1162,WATCH The AMAZING Way God Answered This Woman's PRAYERS!!!,ARZrYob8bHc
1163,"TB Joshua Exposes ""FALSE PROPHETESS"" In Church!!!",lCP7uRO2Dyg
1164,BEAUTIFUL YOUNG LADY FREED FROM ADDICTION TO PORNOGRAPHY!!!,VDUqgH_A9JY
1165,RECEIVE In Jesus' Name!!! | MASS PRAYER With TB Joshua,0wwDCEmq2R8
1166,I CAN SEE THE CHAIN HAS BEEN BROKEN!!! | Prayer With TB Joshua,9JzU0Dw9JlY
1167,"Watch T.B. Joshua CAST OUT ""A Woman"" Living Inside A Woman!!!",6dNEa_23wTs
1168,This Innocent Looking Man Controlled 999 DEMONS!!!,xkK1dFxSEP8
1169,EX-WITCHDOCTOR'S ASSISTANT EXPOSES SHOCKING SECRETS!!!,WUkkfrNpibk
1170,"""My Name Is FREEDOM!!!"" | TB Joshua MASS PRAYER",2idysXLsn-8
1171,INCREDIBLE: Pastor's Prayer 'Knocks Down' Lady From A Distance!!!,sVUVRjuTnSM
1172,T.B. Joshua Joins Husband & Wife TOGETHER In Church!!!,EvxLEFjhyYc
1173,HERE IS SOLUTION!!! | TB Joshua Prayer For Viewers,LuHcFZwOd94
1174,"""My Wife Went MAD After Prayer Vigil!"" | MENTAL DISORDER HEALING",H_aTDM_fWkU
1175,How To Be FILLED With The Holy Spirit!!!,IPPehKWzdI0
1176,In Memory Of The Martyrs Of Faith (September 12th 2014),yWtLR7qdJQk
1177,Don't Believe MIRACLES Can Happen? WATCH THIS!!!,SYA1Cb8Z-pc
1178,My Real-Life ENCOUNTER With A VAMPIRE!!!,CRbntJoOZBg
1179,Watch This LITTLE BOY Get A BIG MIRACLE!!!,IbZ5j6Q8eaw
1180,Pastor COMMANDS Woman To FALL ASLEEP INSTANTLY In Church!!!,LUcRoCOYiU8
1181,WATCH AN ACADEMIC PROFESSOR EXPERIENCE GOD'S POWER!!!,_5pn0Fd8I1A
1182,HOW DEMONS POISONED MY COFFEE!!!,U44FbleGp-0
1183,DISMISS THAT THOUGHT OF SATAN!!! | TB Joshua Viewers Prayer,T-Qudfy-rOE
1184,You CANNOT AFFORD To Miss This SERMON! (Watch To The END!!!),WqL6xpH2WA0
1185,RECEIVE SOLUTION!!! | Mass Prayer With TB Joshua,rtW5Ol9mds4
1186,SHOCKER: T.B. Joshua Catches Man Watching Porn In Church!!!,v9aGuH3w_PQ
1187,"""You LOCKED UP Your Own Husband..."" | PROPHECY That Shocked EVERYONE!!!",gx8t2fHt3gI
1188,Marriage For Citizenship??? | The PROPHECY In The PRISON!,6xxWNrBusb0
1189,LOCATE ME IN YOUR MERCY!!! | TB Joshua Viewers Prayer,J_NBHvkbJlI
1190,THE ROUTE TO GOD!!! | Powerful Sermon,ZapYWYP1K2A
1191,"""NO WOMAN DENIED ME..."" | The Young Lady Dating Married Women!",yR4ovo5Obks
1192,"""When T.B. Joshua Prayed, A MERMAID Came Out...""",vPCcRcWZK0Y
1193,"""I Watched My Pastor BURN T.B. Joshua's Morning Water...""",NqUy2rv_15Q
1194,"""They Took Away Your ONLY CHILD..."" 😮| The POWER Of PROPHECY!!!",HaKvzTYJZrI
1195,THOU POWER OF DELIVERANCE!!! | Mass Prayer With T.B. Joshua,E5Lhkn_lQPw
1196,These Men Went To 'HELL'... And Came Back!!!,Yogx1-cJ1z0
1197,DRY BONES - RISE AGAIN!!! | TB Joshua Prayer For Viewers,HijeBxhRs44
1198,Prophet T.B. Joshua REBUKES The Church In Stinging Sermon!!!,r_YBJi7mUjQ
1199,"""You Slept With Your..."" | PROPHECY UNCOVERS SHAMEFUL SECRET!",XTmfDwaFNvY
1200,T.B. Joshua Explains What Happens IN THE SPIRIT When He Prays!!!,A7uBj0tuKx4
1201,Prophet T.B. Joshua REBUKES The Church... (CONTINUED),5ImbxiZqUUQ
1202,WATCH WHAT MADE T.B. JOSHUA LAUGH OUT LOUD!!! 😂🤣😅,G4oo7rtLx-0
1203,EMOTIONAL MOMENT Mother Sees Daughter She ABANDONED 18 Years Ago...,KaCXa5NoJpc
1204,PROPHECY ON AFRICAN POLITICS!!! | Prophet T.B. Joshua,SV4K19rGAp8
1205,Muslim Man Receives SHOCKING PROPHECY In Church!!!,uPd5tPcTOjU
1206,I CAN HEAR CHAINS FALLING!!! | Powerful Prayer For Viewers,u--OTm267cc
1207,BELIEVE And Be FILLED With The Holy Spirit! | TB Joshua SERMON,p2Avo8O8qok
1208,HEARTBREAKING Tale Of A Bedwetting Prostitute!!!,2M_lme4Ml94
1209,BABY BORN LIVE IN CHURCH!!!,bQzk7EInxJk
1210,THE DEAD BABY WHO CAME BACK TO LIFE!!!,8Il3Lkl1X6w
1211,LIVE Sunday Service At The SCOAN With T.B. Joshua (14/10/18),82yIAlhHfyA
1212,CONSTANTLY PRAY IN YOUR HEART!!! | Viewers Prayer With T.B. Joshua,oxYP3XCqDgE
1213,BUILDING GOD'S CHARACTER!!! l Secrets Of Practical Christianity,w2tp2TWAfRw
1214,WHERE DOES THE POWER COME FROM? | TB Joshua Explains Healing,wbLfgOo2rTc
1215,MY HEART | An Original Song Composed by Prophet T.B. Joshua!!,46aqeUuVD9Y
1216,I CAN SEE THE FALLING OF SATAN IN YOUR LIFE!!! | Powerful Prayer With TB Joshua,4LQAR0rM9Cc
1217,THE GREATEST ACHIEVEMENT ON EARTH! | Prophet T.B. Joshua,uKjzBwi5dNM
1218,THANK YOU 1 MILLION SUBSCRIBERS!!!,52qg3i1NMMg
1219,AMAZING!!! Little Boy Moved By The HEALING POWER OF GOD!,hn9Tzxw6eP8
1220,What To Do When A C-Section Goes Wrong!,jpEXQ6q3F-E
1221,MAY THE WORD FIND A PLACE IN YOUR HEART! | Powerful Prayer With Prophet T.B. Joshua,_HQ0wvurDas
1222,TAKE CARE OF YOUR HEART  | INCREDIBLE  MESSAGE From Chris,NEecPlaU7J4
1223,"""BY THEIR FRUIT THEY SHALL BE NAMED."" | Prophet T.B. Joshua Introduces Chris & Racine",9FZQsRHWhv8
1224,AMAZING!!! HOW DELIVERANCE SAVED OUR MARRIAGE!!!,U4UF0ijfCC0
1225,TAKE MY HABIT OF PRAYER!!! | Prayer With T.B. Joshua,Am_A3rjHjzU
1226,FOCUS ON GOD | FANTASTIC SERMON From Racine!!!,dTtX7j-nnE8
1227,ASTONISHING!!! Politician Instantly Released From Crippling Ailments!,wmAV8NaK9PU
1228,THE SHAME OF BEDWETTING PUT TO REST!,vn3x3aA2aeQ
1229,Join Prophet T.B. Joshua Praying At The SCOAN Altar,CVTDbSKmztM
1230,I PRAY THE WORD FINDS A PLACE IN YOUR HEART!!!,cyX3GZd04-U
1231,CHEER UP AND CHOOSE JOY!!! | ILLUSTRATIVE Message from Chris!!!,Vs5Kx9G_ueY
1232,'I PUT THIS TUBE IN MY...' | Severe Constipation Miraculously Healed!,ZjUlJvaAgts
1233,I CAN HEAR!!! DEAF VIETNAMESE PASTOR TESTIFIES!,XYI-hoiA4Z0
1234,RECEIVE A HEARING HEART!!! | TB Joshua Prayer For Viewers,VWbMwyq-3tA
1235,ABBA FATHER | Original Song Composed by Prophet T.B. Joshua!!,cjH-hSnm4vM
1236,TRANSFORMING POWER!!! | A Life Changing Message From Racine!,rQ3BbvRCJvM
1237,HOW MY DEBT WAS INSTANTLY CANCELLED!!!,-qNIQBHg-kk
1238,RECEIVE A FREE SPIRIT!!! | TB Joshua Prayer For Viewers,mmIvQR-1ksM
1239,STOP GIVING SATAN THE BALL!!! ⚽,j420UOpaA_E
1240,THE FIRST COVENANT,7O2u3vKGJZA
1241,PRESIDENT GEORGE H.W. BUSH'S DEATH FORETOLD BY PROPHET TB JOSHUA,JQzQGAmQS28
1242,LIVE Sunday Service At The SCOAN With T.B. Joshua (02/12/18),fBj6_zJDT3s
1243,RECEIVE A FREE HEART!!! | Viewers Prayer With T.B. Joshua,nW9LcaSZduc
1244,TAKE MORE OF ME! | Original Worship Song Composed By T.B. Joshua,b_ON33JE2mg
1245,What Damages Your Heart!!! | TB Joshua SERMON,1oQVOyMjx-U
1246,THE BELIEVER'S CONFLICT | Sermon from Racine,rvdpD-B6qFI
1247,"NIGERIA, PRAY AGAINST A STOPOVER - TB JOSHUA",DIyGWY4LqMk
1248,BREAK FREE FROM THE DOMINION AND BONDAGE OF SATAN: VIEWERS PRAYER WITH TB JOSHUA,7N847W31J5M
1249,THE POWER OF REPENTANCE | SHORT MESSAGE By TB Joshua,Mds2gDTocE4
1250,NO REASON TO RUSH | SERMON By Chris,WJdalDvMtIA
1251,FREEDOM TO THE CAPTIVES | MASS PRAYER,cJTsfFs23OY
1252,HAIL YAHWEH | Original Song Composed By Prophet TB Joshua,o8-aNnJwILA
1253,FIX YOUR LIFE | Prayer For Viewers With Prophet TB Joshua,4Et4zB1neR4
1254,ACKNOWLEDGE GOD | Original Song Composed By Prophet TB Joshua,QliMhxwsRfc
1255,How To Effectively Overcome SIN!!!  | TB Joshua SERMON,S4K3O1NauvE
1256,BREATHE IN ME | Original Song Composed By Prophet TB Joshua,7G8aIT4YPZs
1257,LIVE Sunday Service At The SCOAN With T.B. Joshua (23/12/18),Lt_JYLhRmLc
1258,THE ILLUMINATION OF THE SPIRIT | SERMON By Racine,pk4MmEWs1a4
1259,GET OUT OF YOUR DRY PIT | PRAYER WITH PROPHET TB JOSHUA,MhuhoAuO_yg
1260,SPECIAL CHRISTMAS SONG!!! | Composed By Prophet T.B. Joshua,N72lpa60xlM
1261,LORD I BELIEVE! | Emmanuel TV Choir with VaShawn Mitchell LIVE in Bethlehem,AXrBEFvwnKw
1262,JOY (Christmas Version) | VaShawn Mitchell LIVE In Bethlehem!,UWllgX3-ZXk
1263,"NOBODY GREATER | VaShawn Mitchell, Emmanuel TV Choir LIVE in Bethlehem",wWTMV1olXwY
1264,LOVE GOD ABOVE ALL!!! | Powerful Christmas Sermon,YKO7QovtfFI
1265,This SHOCKING Sermon On GIVING Will Hit Your Heart!!!,5ecoAIAITqU
1266,"""I Have Powder, Blood, Money..."" | 'GREAT HERBALIST' SPEAKS OUT!!!",9M2HlQzv6Ec
1267,How I Put Suicide Thoughts To Death | POWERFUL TESTIMONY!!!,4cpN_55G_f8
1268,LIVE Sunday Service At The SCOAN With T.B. Joshua (30/12/18),LCV5vHUV_nk
1269,HEAR THE VOICE OF GOD!!! | Viewers Prayer With TB Joshua,X_RVRlBlOKg
1270,LIVE From The SCOAN With T.B. Joshua (31/12/18),4_vyFGby-eI
1271,MY MESSAGE FOR 2019!!! | Prophet T.B. Joshua,_lsXbdaBXHM
1272,RAIN YOUR POWER!!! | Original Song Composed By TB Joshua,xZUhGxpRBjY
1273,AN EXTRAORDINARY RELATIONSHIP!!! | Must-Watch SERMON,UkQYr2fXoRs
1274,WATCH THIS AMAZING MIRACLE SCIENCE CANNOT EXPLAIN!!!,3-PGv8WeBhk
1275,STICKERS FROM THE ALTAR OF GOD!!! | Prophet  T.B. Joshua Releases NEW ANOINTING STICKERS!!!,dABXhl2LTLI
1276,YOUTUBE CREATOR GOLD AWARD PRESENTED TO EMMANUEL TV,buEZu1CoXwQ
1277,Special Christmas Carol Service From Bethlehem - FULL VERSION,YnRQccMjkps
1278,EXCLUSIVE: Prayer For 2019 On Top Of PRAYER MOUNTAIN With T.B. Joshua!,ngzYWCHw6E4
1279,LIVE Sunday Service At The SCOAN With T.B. Joshua (06/01/19),YspYRBqu7us
1280,IDENTITY CRISIS? | Chris Sermon (SCOAN),UmOeqB5eIPA
1281,HEART-WRENCHING!!! 😭This Will Move Even The Stoniest Of Souls...,N2Fosd09Fnk
1282,RAISED FROM THE DEAD!!!,Sp4mVIKvA9Q
1283,"SHOCKING PROPHECY: ""You Have The Spirit Of Man & Woman!!!' 😲",NVd9Eh_jTgY
1284,LIVE Sunday Service At The SCOAN With T.B. Joshua (13/01/19),QQwyVscM7Dk
1285,ALARMING PROPHECY FOR NIGERIA!!! | Prophet T.B. Joshua,BTs506enHis
1286,PASTOR POSSESSED After LUSTING Over LADY He PRAYED FOR!!! 😲,Pvs3lgO3QYU
1287,TRUST IN GOD'S AUTHORITY!!! | Faith-Building Sermon,IS5VYq41gxU
1288,TAKE YOUR POSITION IN THE BELIEVER'S AUTHORITY!!! | AWESOME MASS PRAYER!!!,iF1mkf6Shk0
1289,T.B. Joshua's PRAYER Puts Man In TRANCE!!!,IReqMp0qjJw
1290,LIVE Sunday Service At The SCOAN With T.B. Joshua (20/01/19),14RgTSmE5rU
1291,"ANGRY Wife, UNFAITHFUL Husband | Can GOD Save This Marriage?",U8mtG-L646k
1292,LIVE Sunday Service At The SCOAN With T.B. Joshua (21/10/18),aZbpELs_jww
1293,ANOINTED PRAYER TO CAST OUT DEMONS!!! | TB Joshua Mass Prayer,46W5i-M95t0
1294,TRUST - MOVE THE IMPOSSIBLE | Powerful Sermon,X9cet-9p3zE
1295,Watch ANGELS Appear In CHURCH To Conduct DELIVERANCE!!!,XHQlhK2Ucms
1296,EXPOSED: How T.B. Joshua Received ANOINTING!!!,iiZJ2e50Svg
1297,VENEZUELA COUP PROPHECY!!! | Prophet T.B. Joshua,QHeiCUrRs2c
1298,Woman TURNS Into ANIMAL In CHURCH!!!,Jk-2TLyUGXM
1299,OBEDIENCE IS THE KEY!!! | Original Song Composed By T.B. Joshua,nEfX8o1SWVQ
1300,LIVE Sunday Service At The SCOAN With T.B. Joshua (27/01/19),-S0LVmz-4-k
1301,INCREDIBLE Testimony Of EX-GANGSTER!!!,LajfZQJnLDE
1302,Worried? Anxious? Stressed? WATCH THIS SERMON!!!,1StOBHsQL5c
1303,COME OUT OF THAT CAGE!!! | Powerful Mass Prayer With T.B. Joshua,bC2WSNaxeUU
1304,HEARTBREAKING: The 'WITCH' They Tried To BURN ALIVE!!!,J6erYS22OMw
1305,AMAZING MIRACLE: Woman RUNS Out Of Her WHEELCHAIR!!!,DgWbmEsEzGI
1306,LIVE Sunday Service At The SCOAN With T.B. Joshua (03/02/19),txheq9ZPWRQ
1307,BE FREE FROM THE POWER OF SIN!!! | TB Joshua Viewers Prayer,z3r6v09r4bE
1308,THE WARNING GOD GAVE TB JOSHUA!!!,lCfcATqu_1c
1309,TB Joshua PROPHECY Reveals SHOCKING SECRET!!!,CxQgJYNp6jo
1310,T.B. JOSHUA REBUKES PROUD LADY!!! 😳,f3ehpuaJlfs
1311,The BATTLE In Your Thoughts!!! | Racine Sermon (SCOAN),1qvB0rYZD9o
1312,LOCATE ME LORD IN YOUR MERCY!!! | Original Worship Song,AnmdJvSj_58
1313,TB JOSHUA REVEALS SECRET About Son His Father NEVER KNEW!!!,h5YuV9tjvBU
1314,LIVE Sunday Service At The SCOAN With T.B. Joshua (10/02/19),ykkBEb_mq3E
1315,MESSAGE FOR NIGERIA 🇳🇬BEFORE ELECTIONS !!! | T.B. Joshua,wzjoJYBzSN0
1316,COMMAND ALL UNCLEAN SPIRITS TO LEAVE!!! | TB Joshua Viewers Prayer,gTaJj3YnN_o
1317,DON'T REJECT JESUS!!! | Yinka Sermon (SCOAN),EcLJxz8aL1A
1318,"""TB JOSHUA Is From The PIT OF HELL!!!"" 🤭",t3cLUmaU8Qo
1319,NIGERIAN ELECTION POSTPONED!!! | TB Joshua PROPHECY,TlBLp3dc3Ns
1320,LIVE Sunday Service At The SCOAN With T.B. Joshua (17/02/19),wddwLusPNSo
1321,REFLECT ON GOD'S MERCY!!! | TB Joshua Prayer For Viewers,k1-PNftJwBQ
1322,BE A GOOD REPORTER!!! | TB Joshua Sermon,vsJZS9xvQtI
1323,MAKE FRIENDS WITH YOUR FUTURE!!! | Chris Sermon (SCOAN),5hRejiUTwhI
1324,Prophet TB Joshua: FAKE PROPHECY EXPOSED!!! 😧😮😲,NWUTDTB7YC4
1325,He Brought A PHYSICAL DEMON To Church... And THIS HAPPENED!!!🔥,k1bTkZxJ4Zc
1326,Anointed Mass Prayer With TB Joshua! | DEMONS HATE THIS VIDEO!!,qgUNgZJ4geU
1327,Emmanuel TV: Emmanuel TV is a television station with one way and one job. The way is Jesus and t...,PmEFYy7E5sQ
1328,LIVE Sunday Service At The SCOAN With T.B. Joshua (24/02/19),s9-OKwzqcCA
1329,GOD HAS SPOKEN!!! | Prayer For Viewers With TB Joshua,dnfmiZDEH4s
1330,HOW TO KNOW GOD BETTER!!! | TB Joshua Sermon,TNoAwng0YFU
1331,This CAPTIVATING TESTIMONY Shows God Can Change ANYONE!!!,teRInNpB1H8
1332,Can You Hear This Young Girl's STORY Without Being MOVED??? 😢,d3SX77Q6iKs
1333,GOD'S UNCOMPROMISING DEMAND!!! | Racine Sermon (SCOAN),cDSUAL0P6n0
1334,THE CASE THAT BROUGHT TB JOSHUA TO HIS KNEES!!!,ZLZEmmlq4Js
1335,A GUT-WRENCHING MEDICAL MIRACLE!!!,u6wTugllhEg
1336,INSTANT Birth Caught On Camera!!!,zxWBbJY-RYY
1337,T.B. Joshua - FUNNY MOMENTS!!!,g6r0rZzP8YE
1338,DEMONS Destroy; GOD Restores!,-EStVZrOLnU
1339,"2nd Bomb Blast in Abuja, Nigeria's Capital - T.B. Joshua Prophecy",FEtFRL8tkWc
1340,SO GOOD!!! | Original Song (Composed By TB Joshua) ,oI0ojN8uvyE
1341,LIVE Sunday Service At The SCOAN With T.B. Joshua (03/03/19) 1341,TNIFadZXDg0
1342,CHAINS HAVE BEEN BROKEN!!! | TB Joshua Viewers Prayer,DJ7FpGLgRXY
1343,HAPPY BIRTHDAY EMMANUEL TV!!! | (TB Joshua Dancing!) 💃🕺💃,fMWv08j0Gbo
1344,THE SECRET OF ABUNDANCE!!! | Yinka Sermon (SCOAN),7ss0WSPTLx8
1345,NIESPODZIANKA powraca,6_UKpfPHO3A
1346,COME OUT OF DARKNESS!!! | TB Joshua MASS PRAYER!,4GO5OIh2h2Y
1347,SO GOOD!!! | Original Song (Composed By TB Joshua),fw89yamMfaU
1348,PROPHECY FOR SOUTH AFRICA!!! 🇿🇦| Prophet TB Joshua,NqX3v4OTZUU
1349,IMPOSSIBLE: Broken Bone MOVES As TB Joshua Prays!!!,VWwsC67bwV4
1350,LIVE Sunday Service At The SCOAN With T.B. Joshua (10/03/19),X2EfFUnsqmI
1351,How To Find GOOD FRIENDS!!! | TB Joshua SERMON,Fq517GmdAlE
1352,4 Ways We GRIEVE The HOLY SPIRIT 🔥!!! | Chris Sermon (SCOAN),vzW6-hqHBu0
1353,SPIRIT PRAY THROUGH ME!!! | Original Song (Composed By TB Joshua),XypDSZTIQKc
1354,PRICELESS REACTION To TB JOSHUA'S PRAYER!!! 😀,jpRTVvTq0sE
1355,SPIRIT PRAY THROUGH ME!!! | Original Song (Composed By TB Joshua),FDABwJMr4H4
1356,Watch TB Joshua RECONCILE MARRIAGE 👫On Brink Of COLLAPSE!!!,_Gy763wcHb4
1357,LIVE Sunday Service At The SCOAN With T.B. Joshua (23/09/18),uYz1_J2yhYc
1358,"TB JOSHUA PRAYER FOR HEALING! | ""Be SEPARATED From Sickness!!!""",UwNVjYdoo1A
1359,PROPHETIC WARNING TO NIGERIAN GOVERNMENT!!! | Prophet TB Joshua,jRMQ_BpM07g
1360,"""I Am What I DO - Not What I SAY!!!"" | TB Joshua SERMON",1biQ7DSkHIY
1361,CHRISTIANITY IS ALL ABOUT 'HEART'!!! | Racine Sermon (SCOAN),gZnGAusULYU
1362,MOVING MOMENT Mother Reunites With Child Taken From Her!!! 😥,2Vz324VirpU
1363,TB JOSHUA CASTS OUT HOMOSEXUAL DEMON!!! 🙅‍♂️,ZPZt7nNBvOg
1364,FREE MY HEART!!! | Original Song (Composed By TB Joshua),PMrX5vPfPRU
1365,THIS ANOINTED PRAYER WILL MAKE EVIL SPIRITS FLEE!!! ✅,nfsc-iwzQH8
1366,LIVE Sunday Service At The SCOAN With T.B. Joshua (24/03/19),2jJPoB2xKUo
1367,T.B. JOSHUA LAUGHS OUT LOUD AT HILARIOUS TESTIMONY!!! 🤣,f6Lz6FTu3tI
1368,TB JOSHUA INTRODUCES ANOINTED SONG!!!,Zu9Qw-kjr3Q
1369,WHO NEEDS FORGIVENESS??? | TB Joshua SERMON,dtKkDQovj1o
1370,Turn Your SCARS Into STARS!!! | Yinka Sermon (SCOAN),_rHUiMsZ0EY
1371,DEMON THROWS DIRT AT TB JOSHUA!!! 😱,l0zfepGVtzw
1372,Man Breaks Down In Tears During TOUCHING TESTIMONY!!!,ENajgYvIumE
1373,TB Joshua Delivers BEAUTIFUL LADY With TERRIBLE PROBLEM!!!,rBHeyq26C3g
1374,LORD I BELIEVE!!! | Feat. VaShawn Mitchell (Composed By TB Joshua),yRc6j-KzWVI
1375,LIVE Sunday Service At The SCOAN With T.B. Joshua (31/03/19),YZZlJq4MNLo
1376,BE DELIVERED FROM EVERY SHAME!!! | TB Joshua Mass Prayer,Njo1oQ-Twlc
1377,IDENTIFY YOUR WEAKNESS!!! | TB Joshua Sermon,3EUhi9_myvU
1378,HOW TO OVERCOME NEGATIVE THOUGHTS!!! 👍| Chris Sermon (SCOAN),8CoI8qGF4H0
1379,SIN'S POWER OVER ME IS BROKEN!!! | Anointed Song (Composed By TB Joshua),BsL7ZJsF7Nw
1380,WATCH A JAW-DROPPING MIRACLE!!!,u7uUwS__H30
1381,DEMON Turns LADY Into DOG!!!,2PQ_Ip-zf1M
1382,WATCH JESUS HEAL THIS LITTLE BOY!!! 👏👏👏,KBnZ6dlHU40
1383,LIVE Sunday Service At The SCOAN With T.B. Joshua (07/04/19),9yyQuqWXUBY
1384,BE RELEASED FROM THE HANDS OF THE DEVIL!!! | TB Joshua Viewers Prayer,HRjwu5ZryXs
1385,WARNING TO THE CHURCH!!! ⚠️| Prophet TB Joshua,V-zup8M5l8Y
1386,"TB JOSHUA: Pray & Fast For Release Of Leah Sharibu, Chibok Girls!!!",9xph6asd7NQ
1387,The Day TB Joshua Caught THREE SNAKES In Church!!! 🐍🐍🐍,1bPBS6GElDA
1388,LIBERATE MY SPIRIT!!! | Original Song (Composed By TB Joshua),XTnHmrnWpzk
1389,ELEVEN Children; EIGHT Women; ONE Man!!! 🤯| TB Joshua SHOCKING PROPHECY,Lg1PEgZ8VlI
1390,"""I Slept With 20 Men DAILY..."" | SPIRIT OF SEDUCTION!!! 😨",sxG1rAQG3YU
1391,LIVE Sunday Service At The SCOAN With T.B. Joshua (14/04/19),uiVJIyUotGc
1392,The SCOAN LIVE Living Water Service!!! (15/04/19),iHTDOebECSI
1393,BREAK EVERY BARRIER!!! | Mass Prayer With TB Joshua,8VlT0tPB_Go
1394,LIVING ABOVE THE SENSES TO CONQUER!!! | Yinka Sermon (SCOAN),a2fhX8-MQzg
1395,The MAN 👨Who Poses As A WOMAN 👩Online!!!,jThx6I04dW8
1396,JOY!!! (SOMETHING BELIEVERS HAVE) | Composed By TB Joshua,lNVoBopDej4
1397,HEALED OF CANCER! | From NORWAY 🇳🇴To NIGERIA 🇳🇬!!!,J3a0IietBH8
1398,"AMAZING: PROPHECY, HEALING and DELIVERANCE!!! | 3️⃣in 1️⃣| TB Joshua",yMecOMMynpU
1399,EASTER Service LIVE At The SCOAN With TB Joshua (21/04/19),2AFDLqEJoiM
1400,CLOSING Of EASTER Service LIVE At The SCOAN (21/04/19),1FW7733e6Gg
1401,The SCOAN LIVE Living Water Service!!! (22/04/19),IFpuuso3BYA
1402,END-TIMES MESSAGE!!!⚡😱🔥| Prophet TB Joshua,ZOMLAksgKXQ
1403,I CAN SEE YOUR FREEDOM!!! | TB Joshua Prayer For Viewers,eHrTfskDEVI
1404,A LIFE ANEW!!! Racine Sermon (SCOAN),ydAahg2vpFY
1405,BREAK THE CHAINS!!! | Original Song (Composed By TB Joshua),c-C4cxTLJ6o
1406,The Day TB Joshua Got STRANDED!!!,8p_QC6CHzco
1407,PARAGUAY CRUSADE 🇵🇾With PROPHET T.B. JOSHUA | Day 1 | FULL,GU42tLKqvy4
1408,LIVE Sunday Service At The SCOAN With T.B. Joshua (28/04/19),AGbWMJOtdkM
1409,FREEDOM!!! | TB Joshua Viewers Prayer,7L73yoSiOE0
1410,The SCOAN LIVE Living Water Service!!! (29/04/19),Q5dJt4aqjn4
1411,THE BENEFIT OF FAILURE!!! | Life Changing SERMON | TB Joshua,PG8z0-1UOac
1412,TB JOSHUA CRACKS JOKES While Ministering Healing! 😁😂🤣,K808csob1y4
1413,DECLARE GOD'S FAITHFULNESS!!! | Chris Sermon (SCOAN),7Kt9P78CkaQ
1414,OLD WOMAN TRIES TO BEAT UP TB JOSHUA!!! 😱,PQYvrl1jNlA
1415,The Day SATAN Tried To KILL TB Joshua!!! ⚡☠️⚠️,dwkL5XHSQnM
1416,DEMON Removes Man's Clothes During DELIVERANCE!!! 😡👕👎,rW_ffUWtIvQ
1417,Handsome University Graduate SOLD Into SLAVERY!!! 😩😰😱,d-rIQPP39Fc
